img,disease_name,disease_index
BrownSpot/IMG_20190419_095712.jpg,BrownSpot,0
BrownSpot/IMG_20190419_095715.jpg,BrownSpot,0
BrownSpot/IMG_20190419_095726.jpg,BrownSpot,0
BrownSpot/IMG_20190419_095736.jpg,BrownSpot,0
BrownSpot/IMG_20190419_100805.jpg,BrownSpot,0
BrownSpot/IMG_20190419_103247.jpg,BrownSpot,0
BrownSpot/IMG_20190419_103508.jpg,BrownSpot,0
BrownSpot/IMG_20190419_103510.jpg,BrownSpot,0
BrownSpot/IMG_20190419_103527.jpg,BrownSpot,0
BrownSpot/IMG_20190419_103531.jpg,BrownSpot,0
BrownSpot/IMG_20190419_113157.jpg,BrownSpot,0
BrownSpot/IMG_20190419_113228.jpg,BrownSpot,0
BrownSpot/IMG_20190419_113238.jpg,BrownSpot,0
BrownSpot/IMG_20190419_113242.jpg,BrownSpot,0
BrownSpot/IMG_20190419_113311.jpg,BrownSpot,0
BrownSpot/IMG_20190419_113856.jpg,BrownSpot,0
BrownSpot/IMG_20190419_113902.jpg,BrownSpot,0
BrownSpot/IMG_20190419_113926.jpg,BrownSpot,0
BrownSpot/IMG_20190419_114347.jpg,BrownSpot,0
BrownSpot/IMG_20190419_114429.jpg,BrownSpot,0
BrownSpot/IMG_20190419_124201.jpg,BrownSpot,0
BrownSpot/IMG_20190419_124207.jpg,BrownSpot,0
BrownSpot/IMG_20190419_133426.jpg,BrownSpot,0
BrownSpot/IMG_20190419_133440.jpg,BrownSpot,0
BrownSpot/IMG_20190419_133708.jpg,BrownSpot,0
BrownSpot/IMG_20190419_135038.jpg,BrownSpot,0
BrownSpot/IMG_20190419_135910.jpg,BrownSpot,0
BrownSpot/IMG_20190419_135912.jpg,BrownSpot,0
BrownSpot/IMG_20190419_145240.jpg,BrownSpot,0
BrownSpot/IMG_20190419_145243.jpg,BrownSpot,0
BrownSpot/IMG_20190419_145259.jpg,BrownSpot,0
BrownSpot/IMG_20190419_145305.jpg,BrownSpot,0
BrownSpot/IMG_20190419_152652.jpg,BrownSpot,0
BrownSpot/IMG_20190419_161024.jpg,BrownSpot,0
BrownSpot/IMG_20190419_161507.jpg,BrownSpot,0
BrownSpot/IMG_20190419_161510.jpg,BrownSpot,0
BrownSpot/IMG_20190419_161513.jpg,BrownSpot,0
BrownSpot/IMG_20190419_161749.jpg,BrownSpot,0
BrownSpot/IMG_20190419_161758.jpg,BrownSpot,0
BrownSpot/IMG_20190419_165401.jpg,BrownSpot,0
BrownSpot/IMG_20190419_165410.jpg,BrownSpot,0
BrownSpot/IMG_20190419_165414.jpg,BrownSpot,0
BrownSpot/IMG_20190419_171056.jpg,BrownSpot,0
BrownSpot/IMG_20190420_185504.jpg,BrownSpot,0
BrownSpot/IMG_20190420_185512.jpg,BrownSpot,0
BrownSpot/IMG_20190420_185515.jpg,BrownSpot,0
BrownSpot/IMG_20190420_185532.jpg,BrownSpot,0
BrownSpot/IMG_20190420_185537.jpg,BrownSpot,0
BrownSpot/IMG_20190420_185541.jpg,BrownSpot,0
BrownSpot/IMG_20190420_185553.jpg,BrownSpot,0
BrownSpot/IMG_20190420_185557.jpg,BrownSpot,0
BrownSpot/IMG_20190420_185604.jpg,BrownSpot,0
BrownSpot/IMG_20190420_185608.jpg,BrownSpot,0
BrownSpot/IMG_20190420_185621.jpg,BrownSpot,0
BrownSpot/IMG_20190420_185728.jpg,BrownSpot,0
BrownSpot/IMG_20190420_185849.jpg,BrownSpot,0
BrownSpot/IMG_20190420_185921.jpg,BrownSpot,0
BrownSpot/IMG_20190420_185927.jpg,BrownSpot,0
BrownSpot/IMG_20190420_185935.jpg,BrownSpot,0
BrownSpot/IMG_20190420_185938.jpg,BrownSpot,0
BrownSpot/IMG_20190420_190116.jpg,BrownSpot,0
BrownSpot/IMG_20190420_190123.jpg,BrownSpot,0
BrownSpot/IMG_20190420_190143.jpg,BrownSpot,0
BrownSpot/IMG_20190420_190150.jpg,BrownSpot,0
BrownSpot/IMG_20190420_190157.jpg,BrownSpot,0
BrownSpot/IMG_20190420_190201.jpg,BrownSpot,0
BrownSpot/IMG_20190420_190208.jpg,BrownSpot,0
BrownSpot/IMG_20190420_190217.jpg,BrownSpot,0
BrownSpot/IMG_20190420_190225.jpg,BrownSpot,0
BrownSpot/IMG_20190420_190243.jpg,BrownSpot,0
BrownSpot/IMG_20190420_190246.jpg,BrownSpot,0
BrownSpot/IMG_20190420_190248.jpg,BrownSpot,0
BrownSpot/IMG_20190420_190255.jpg,BrownSpot,0
BrownSpot/IMG_20190420_190305.jpg,BrownSpot,0
BrownSpot/IMG_20190420_190308.jpg,BrownSpot,0
BrownSpot/IMG_20190420_190316.jpg,BrownSpot,0
BrownSpot/IMG_20190420_190323.jpg,BrownSpot,0
BrownSpot/IMG_20190420_190338.jpg,BrownSpot,0
BrownSpot/IMG_20190420_190344.jpg,BrownSpot,0
BrownSpot/IMG_20190420_190356.jpg,BrownSpot,0
BrownSpot/IMG_20190420_190359.jpg,BrownSpot,0
BrownSpot/IMG_20190420_190403.jpg,BrownSpot,0
BrownSpot/IMG_20190420_190411.jpg,BrownSpot,0
BrownSpot/IMG_20190420_190414.jpg,BrownSpot,0
BrownSpot/IMG_20190420_190419.jpg,BrownSpot,0
BrownSpot/IMG_20190420_190432.jpg,BrownSpot,0
BrownSpot/IMG_20190420_190437.jpg,BrownSpot,0
BrownSpot/IMG_20190420_190445.jpg,BrownSpot,0
BrownSpot/IMG_20190420_190517.jpg,BrownSpot,0
BrownSpot/IMG_20190420_190520.jpg,BrownSpot,0
BrownSpot/IMG_20190420_190524.jpg,BrownSpot,0
BrownSpot/IMG_20190420_190551.jpg,BrownSpot,0
BrownSpot/IMG_20190420_190558.jpg,BrownSpot,0
BrownSpot/IMG_20190420_190604.jpg,BrownSpot,0
BrownSpot/IMG_20190420_190607.jpg,BrownSpot,0
BrownSpot/IMG_20190420_190614.jpg,BrownSpot,0
BrownSpot/IMG_20190420_190617.jpg,BrownSpot,0
BrownSpot/IMG_20190420_190623.jpg,BrownSpot,0
BrownSpot/IMG_20190420_190644.jpg,BrownSpot,0
BrownSpot/IMG_20190420_190647.jpg,BrownSpot,0
BrownSpot/IMG_20190420_190653.jpg,BrownSpot,0
BrownSpot/IMG_20190420_190715.jpg,BrownSpot,0
BrownSpot/IMG_20190420_190802.jpg,BrownSpot,0
BrownSpot/IMG_20190420_190812.jpg,BrownSpot,0
BrownSpot/IMG_20190420_190842.jpg,BrownSpot,0
BrownSpot/IMG_20190420_190902.jpg,BrownSpot,0
BrownSpot/IMG_20190420_190908.jpg,BrownSpot,0
BrownSpot/IMG_20190420_190910.jpg,BrownSpot,0
BrownSpot/IMG_20190420_190913.jpg,BrownSpot,0
BrownSpot/IMG_20190420_190924.jpg,BrownSpot,0
BrownSpot/IMG_20190420_190930.jpg,BrownSpot,0
BrownSpot/IMG_20190420_191008.jpg,BrownSpot,0
BrownSpot/IMG_20190420_191012.jpg,BrownSpot,0
BrownSpot/IMG_20190420_191014.jpg,BrownSpot,0
BrownSpot/IMG_20190420_191018.jpg,BrownSpot,0
BrownSpot/IMG_20190420_191021.jpg,BrownSpot,0
BrownSpot/IMG_20190420_191027.jpg,BrownSpot,0
BrownSpot/IMG_20190420_191046.jpg,BrownSpot,0
BrownSpot/IMG_20190420_191049.jpg,BrownSpot,0
BrownSpot/IMG_20190420_191055.jpg,BrownSpot,0
BrownSpot/IMG_20190420_191114.jpg,BrownSpot,0
BrownSpot/IMG_20190420_191137.jpg,BrownSpot,0
BrownSpot/IMG_20190420_191145.jpg,BrownSpot,0
BrownSpot/IMG_20190420_191149.jpg,BrownSpot,0
BrownSpot/IMG_20190420_191213.jpg,BrownSpot,0
BrownSpot/IMG_20190420_191238.jpg,BrownSpot,0
BrownSpot/IMG_20190420_191412.jpg,BrownSpot,0
BrownSpot/IMG_20190420_191416.jpg,BrownSpot,0
BrownSpot/IMG_20190420_193225.jpg,BrownSpot,0
BrownSpot/IMG_20190420_193236.jpg,BrownSpot,0
BrownSpot/IMG_20190420_193433.jpg,BrownSpot,0
BrownSpot/IMG_20190420_193445.jpg,BrownSpot,0
BrownSpot/IMG_20190420_193513.jpg,BrownSpot,0
BrownSpot/IMG_20190420_193533.jpg,BrownSpot,0
BrownSpot/IMG_20190420_193536.jpg,BrownSpot,0
BrownSpot/IMG_20190420_193547.jpg,BrownSpot,0
BrownSpot/IMG_20190420_193552.jpg,BrownSpot,0
BrownSpot/IMG_20190420_193607.jpg,BrownSpot,0
BrownSpot/IMG_20190420_193611.jpg,BrownSpot,0
BrownSpot/IMG_20190420_193619.jpg,BrownSpot,0
BrownSpot/IMG_20190420_193625.jpg,BrownSpot,0
BrownSpot/IMG_20190420_193702.jpg,BrownSpot,0
BrownSpot/IMG_20190420_193708.jpg,BrownSpot,0
BrownSpot/IMG_20190420_193720.jpg,BrownSpot,0
BrownSpot/IMG_20190420_193722.jpg,BrownSpot,0
BrownSpot/IMG_20190420_193736.jpg,BrownSpot,0
BrownSpot/IMG_20190420_193741.jpg,BrownSpot,0
BrownSpot/IMG_20190420_193744.jpg,BrownSpot,0
BrownSpot/IMG_20190420_193754.jpg,BrownSpot,0
BrownSpot/IMG_20190420_193818.jpg,BrownSpot,0
BrownSpot/IMG_20190420_193831.jpg,BrownSpot,0
BrownSpot/IMG_20190420_193850.jpg,BrownSpot,0
BrownSpot/IMG_20190420_193854.jpg,BrownSpot,0
BrownSpot/IMG_20190420_193858.jpg,BrownSpot,0
BrownSpot/IMG_20190420_193910.jpg,BrownSpot,0
BrownSpot/IMG_20190420_193917.jpg,BrownSpot,0
BrownSpot/IMG_20190420_193952.jpg,BrownSpot,0
BrownSpot/IMG_20190420_194002.jpg,BrownSpot,0
BrownSpot/IMG_20190420_194159.jpg,BrownSpot,0
BrownSpot/IMG_20190420_194201.jpg,BrownSpot,0
BrownSpot/IMG_20190420_194202.jpg,BrownSpot,0
BrownSpot/IMG_20190420_194203.jpg,BrownSpot,0
BrownSpot/IMG_20190420_194206.jpg,BrownSpot,0
BrownSpot/IMG_20190420_194207.jpg,BrownSpot,0
BrownSpot/IMG_20190420_194208.jpg,BrownSpot,0
BrownSpot/IMG_20190420_194211.jpg,BrownSpot,0
BrownSpot/IMG_20190420_194212.jpg,BrownSpot,0
BrownSpot/IMG_20190420_194216.jpg,BrownSpot,0
BrownSpot/IMG_20190420_194217.jpg,BrownSpot,0
BrownSpot/IMG_20190420_194219.jpg,BrownSpot,0
BrownSpot/IMG_20190420_194221.jpg,BrownSpot,0
BrownSpot/IMG_20190420_194232.jpg,BrownSpot,0
BrownSpot/IMG_20190420_194234.jpg,BrownSpot,0
BrownSpot/IMG_20190420_194236.jpg,BrownSpot,0
BrownSpot/IMG_20190420_194237.jpg,BrownSpot,0
BrownSpot/IMG_20190420_194239.jpg,BrownSpot,0
BrownSpot/IMG_20190420_194243.jpg,BrownSpot,0
BrownSpot/IMG_20190420_194246.jpg,BrownSpot,0
BrownSpot/IMG_20190420_194248.jpg,BrownSpot,0
BrownSpot/IMG_20190420_194252.jpg,BrownSpot,0
BrownSpot/IMG_20190420_194255.jpg,BrownSpot,0
BrownSpot/IMG_20190420_194430.jpg,BrownSpot,0
BrownSpot/IMG_20190420_194433.jpg,BrownSpot,0
BrownSpot/IMG_20190420_194444.jpg,BrownSpot,0
BrownSpot/IMG_20190420_194445.jpg,BrownSpot,0
BrownSpot/IMG_20190420_194446.jpg,BrownSpot,0
BrownSpot/IMG_20190420_194447.jpg,BrownSpot,0
BrownSpot/IMG_20190420_194447_1.jpg,BrownSpot,0
BrownSpot/IMG_20190420_194448.jpg,BrownSpot,0
BrownSpot/IMG_20190420_194450.jpg,BrownSpot,0
BrownSpot/IMG_20190420_194503.jpg,BrownSpot,0
BrownSpot/IMG_20190420_194504.jpg,BrownSpot,0
BrownSpot/IMG_20190420_194504_1.jpg,BrownSpot,0
BrownSpot/IMG_20190420_194505.jpg,BrownSpot,0
BrownSpot/IMG_20190420_194506.jpg,BrownSpot,0
BrownSpot/IMG_20190420_194507.jpg,BrownSpot,0
BrownSpot/IMG_20190420_194508.jpg,BrownSpot,0
BrownSpot/IMG_20190420_194539.jpg,BrownSpot,0
BrownSpot/IMG_20190420_194540.jpg,BrownSpot,0
BrownSpot/IMG_20190420_194551.jpg,BrownSpot,0
BrownSpot/IMG_20190420_194552.jpg,BrownSpot,0
BrownSpot/IMG_20190420_194553.jpg,BrownSpot,0
BrownSpot/IMG_20190420_194553_1.jpg,BrownSpot,0
BrownSpot/IMG_20190420_194554.jpg,BrownSpot,0
BrownSpot/IMG_20190420_194555.jpg,BrownSpot,0
BrownSpot/IMG_20190420_194606.jpg,BrownSpot,0
BrownSpot/IMG_20190420_194607.jpg,BrownSpot,0
BrownSpot/IMG_20190420_194609.jpg,BrownSpot,0
BrownSpot/IMG_20190420_194611.jpg,BrownSpot,0
BrownSpot/IMG_20190420_194618.jpg,BrownSpot,0
BrownSpot/IMG_20190420_194619.jpg,BrownSpot,0
BrownSpot/IMG_20190420_194620.jpg,BrownSpot,0
BrownSpot/IMG_20190420_194638.jpg,BrownSpot,0
BrownSpot/IMG_20190420_194709.jpg,BrownSpot,0
BrownSpot/IMG_20190420_194710.jpg,BrownSpot,0
BrownSpot/IMG_20190420_194711.jpg,BrownSpot,0
BrownSpot/IMG_20190420_194712.jpg,BrownSpot,0
BrownSpot/IMG_20190420_194714.jpg,BrownSpot,0
BrownSpot/IMG_20190420_194715.jpg,BrownSpot,0
BrownSpot/IMG_20190420_194729.jpg,BrownSpot,0
BrownSpot/IMG_20190420_194730.jpg,BrownSpot,0
BrownSpot/IMG_20190420_194733.jpg,BrownSpot,0
BrownSpot/IMG_20190420_194805.jpg,BrownSpot,0
BrownSpot/IMG_20190420_194806.jpg,BrownSpot,0
BrownSpot/IMG_20190420_194807.jpg,BrownSpot,0
BrownSpot/IMG_20190420_194808.jpg,BrownSpot,0
BrownSpot/IMG_20190420_194812.jpg,BrownSpot,0
BrownSpot/IMG_20190420_194826.jpg,BrownSpot,0
BrownSpot/IMG_20190420_194827.jpg,BrownSpot,0
BrownSpot/IMG_20190420_194829.jpg,BrownSpot,0
BrownSpot/IMG_20190420_194830.jpg,BrownSpot,0
BrownSpot/IMG_20190420_194855.jpg,BrownSpot,0
BrownSpot/IMG_20190420_194856.jpg,BrownSpot,0
BrownSpot/IMG_20190420_194915.jpg,BrownSpot,0
BrownSpot/IMG_20190420_194916.jpg,BrownSpot,0
BrownSpot/IMG_20190420_194917.jpg,BrownSpot,0
BrownSpot/IMG_20190420_194918.jpg,BrownSpot,0
BrownSpot/IMG_20190420_195008.jpg,BrownSpot,0
BrownSpot/IMG_20190420_195039.jpg,BrownSpot,0
BrownSpot/IMG_20190420_195041.jpg,BrownSpot,0
BrownSpot/IMG_20190420_195042.jpg,BrownSpot,0
BrownSpot/IMG_20190420_195043.jpg,BrownSpot,0
BrownSpot/IMG_20190420_195044.jpg,BrownSpot,0
BrownSpot/IMG_20190420_195049.jpg,BrownSpot,0
BrownSpot/IMG_20190420_195050.jpg,BrownSpot,0
BrownSpot/IMG_20190420_195052.jpg,BrownSpot,0
BrownSpot/IMG_20190420_195104.jpg,BrownSpot,0
BrownSpot/IMG_20190420_195106.jpg,BrownSpot,0
BrownSpot/IMG_20190420_195107.jpg,BrownSpot,0
BrownSpot/IMG_20190420_195108.jpg,BrownSpot,0
BrownSpot/IMG_20190420_195110.jpg,BrownSpot,0
BrownSpot/IMG_20190420_195111.jpg,BrownSpot,0
BrownSpot/IMG_20190420_195116.jpg,BrownSpot,0
BrownSpot/IMG_20190420_195137.jpg,BrownSpot,0
BrownSpot/IMG_20190420_195139.jpg,BrownSpot,0
BrownSpot/IMG_20190420_195141.jpg,BrownSpot,0
BrownSpot/IMG_20190420_195141_1.jpg,BrownSpot,0
BrownSpot/IMG_20190420_195142.jpg,BrownSpot,0
BrownSpot/IMG_20190420_195149.jpg,BrownSpot,0
BrownSpot/IMG_20190420_195153.jpg,BrownSpot,0
BrownSpot/IMG_20190420_195159.jpg,BrownSpot,0
BrownSpot/IMG_20190420_195218.jpg,BrownSpot,0
BrownSpot/IMG_20190420_195219.jpg,BrownSpot,0
BrownSpot/IMG_20190420_195219_1.jpg,BrownSpot,0
BrownSpot/IMG_20190420_195220.jpg,BrownSpot,0
BrownSpot/IMG_20190420_195222.jpg,BrownSpot,0
BrownSpot/IMG_20190420_195223.jpg,BrownSpot,0
BrownSpot/IMG_20190420_195224.jpg,BrownSpot,0
BrownSpot/IMG_20190420_195229.jpg,BrownSpot,0
BrownSpot/IMG_20190420_195231_1.jpg,BrownSpot,0
BrownSpot/IMG_20190420_195232.jpg,BrownSpot,0
BrownSpot/IMG_20190420_195233.jpg,BrownSpot,0
BrownSpot/IMG_20190420_195234.jpg,BrownSpot,0
BrownSpot/IMG_20190420_195256.jpg,BrownSpot,0
BrownSpot/IMG_20190420_195257.jpg,BrownSpot,0
BrownSpot/IMG_20190420_195258.jpg,BrownSpot,0
BrownSpot/IMG_20190420_195308.jpg,BrownSpot,0
BrownSpot/IMG_20190420_195410.jpg,BrownSpot,0
BrownSpot/IMG_20190420_195412.jpg,BrownSpot,0
BrownSpot/IMG_20190420_195413.jpg,BrownSpot,0
BrownSpot/IMG_20190420_195414.jpg,BrownSpot,0
BrownSpot/IMG_20190420_195434.jpg,BrownSpot,0
BrownSpot/IMG_20190420_195435.jpg,BrownSpot,0
BrownSpot/IMG_20190420_195436.jpg,BrownSpot,0
BrownSpot/IMG_20190420_195437.jpg,BrownSpot,0
BrownSpot/IMG_20190420_195439.jpg,BrownSpot,0
BrownSpot/IMG_20190420_195439_1.jpg,BrownSpot,0
BrownSpot/IMG_20190420_195443.jpg,BrownSpot,0
BrownSpot/IMG_20190420_195444.jpg,BrownSpot,0
BrownSpot/IMG_20190420_195445.jpg,BrownSpot,0
BrownSpot/IMG_20190420_195455.jpg,BrownSpot,0
BrownSpot/IMG_20190420_195525.jpg,BrownSpot,0
BrownSpot/IMG_20190420_200328.jpg,BrownSpot,0
BrownSpot/IMG_20190420_200330.jpg,BrownSpot,0
BrownSpot/IMG_20190420_200332.jpg,BrownSpot,0
BrownSpot/IMG_20190420_200333.jpg,BrownSpot,0
BrownSpot/IMG_20190420_200334.jpg,BrownSpot,0
BrownSpot/IMG_20190420_200349.jpg,BrownSpot,0
BrownSpot/IMG_20190420_200353.jpg,BrownSpot,0
BrownSpot/IMG_20190420_200357.jpg,BrownSpot,0
BrownSpot/IMG_20190420_200358.jpg,BrownSpot,0
BrownSpot/IMG_20190420_200400.jpg,BrownSpot,0
BrownSpot/IMG_20190421_195150.jpg,BrownSpot,0
BrownSpot/IMG_20190421_195151.jpg,BrownSpot,0
BrownSpot/IMG_20190421_195158.jpg,BrownSpot,0
BrownSpot/IMG_20190421_195207.jpg,BrownSpot,0
BrownSpot/IMG_20190421_195209.jpg,BrownSpot,0
BrownSpot/IMG_20190421_195220.jpg,BrownSpot,0
BrownSpot/IMG_20190421_195226.jpg,BrownSpot,0
BrownSpot/IMG_20190421_195243.jpg,BrownSpot,0
BrownSpot/IMG_20190421_195248.jpg,BrownSpot,0
BrownSpot/IMG_20190421_195254.jpg,BrownSpot,0
BrownSpot/IMG_20190421_195338.jpg,BrownSpot,0
BrownSpot/IMG_20190421_195340.jpg,BrownSpot,0
BrownSpot/IMG_20190421_195443.jpg,BrownSpot,0
BrownSpot/IMG_20190421_195527.jpg,BrownSpot,0
BrownSpot/IMG_20190421_195701.jpg,BrownSpot,0
BrownSpot/IMG_20190421_195705.jpg,BrownSpot,0
BrownSpot/IMG_20190421_195712.jpg,BrownSpot,0
BrownSpot/IMG_20190421_195716.jpg,BrownSpot,0
BrownSpot/IMG_20190421_200110.jpg,BrownSpot,0
BrownSpot/IMG_20190421_200111.jpg,BrownSpot,0
BrownSpot/IMG_20190421_200114.jpg,BrownSpot,0
BrownSpot/IMG_20190421_200117.jpg,BrownSpot,0
BrownSpot/IMG_20190421_200126.jpg,BrownSpot,0
BrownSpot/IMG_20190421_200148.jpg,BrownSpot,0
BrownSpot/IMG_20190421_200150.jpg,BrownSpot,0
BrownSpot/IMG_20190421_200151.jpg,BrownSpot,0
BrownSpot/IMG_20190424_125939.jpg,BrownSpot,0
BrownSpot/IMG_20190424_130014.jpg,BrownSpot,0
BrownSpot/IMG_20190424_130026.jpg,BrownSpot,0
BrownSpot/IMG_20190424_130030.jpg,BrownSpot,0
BrownSpot/IMG_20190424_130624.jpg,BrownSpot,0
BrownSpot/IMG_20190424_131042.jpg,BrownSpot,0
BrownSpot/IMG_20190424_131056.jpg,BrownSpot,0
BrownSpot/IMG_20190424_131058.jpg,BrownSpot,0
BrownSpot/IMG_20190424_131059.jpg,BrownSpot,0
BrownSpot/IMG_20190424_131307.jpg,BrownSpot,0
BrownSpot/IMG_20190424_131309.jpg,BrownSpot,0
BrownSpot/IMG_20190424_131754.jpg,BrownSpot,0
BrownSpot/IMG_20190424_131758.jpg,BrownSpot,0
BrownSpot/IMG_20190424_131804.jpg,BrownSpot,0
BrownSpot/IMG_20190424_132022.jpg,BrownSpot,0
BrownSpot/IMG_20190424_132023.jpg,BrownSpot,0
BrownSpot/IMG_20190424_132024.jpg,BrownSpot,0
BrownSpot/IMG_20190424_132316.jpg,BrownSpot,0
BrownSpot/IMG_20190424_132317.jpg,BrownSpot,0
BrownSpot/IMG_20190424_133841.jpg,BrownSpot,0
BrownSpot/IMG_20190424_133953.jpg,BrownSpot,0
BrownSpot/IMG_20190424_134124.jpg,BrownSpot,0
BrownSpot/IMG_20190424_134125.jpg,BrownSpot,0
BrownSpot/IMG_20190424_134126.jpg,BrownSpot,0
BrownSpot/IMG_20190424_134128.jpg,BrownSpot,0
BrownSpot/IMG_20190424_134129.jpg,BrownSpot,0
BrownSpot/IMG_2993.jpg,BrownSpot,0
BrownSpot/IMG_2998.jpg,BrownSpot,0
BrownSpot/IMG_2999.jpg,BrownSpot,0
BrownSpot/IMG_3017.jpg,BrownSpot,0
BrownSpot/IMG_3042.jpg,BrownSpot,0
BrownSpot/IMG_3044.jpg,BrownSpot,0
BrownSpot/IMG_3046.jpg,BrownSpot,0
BrownSpot/IMG_3057.jpg,BrownSpot,0
BrownSpot/IMG_3059.jpg,BrownSpot,0
BrownSpot/IMG_3066.jpg,BrownSpot,0
BrownSpot/IMG_3068.jpg,BrownSpot,0
BrownSpot/IMG_3069.jpg,BrownSpot,0
BrownSpot/IMG_3073.jpg,BrownSpot,0
BrownSpot/IMG_3081.jpg,BrownSpot,0
BrownSpot/IMG_3150.jpg,BrownSpot,0
BrownSpot/IMG_3156.jpg,BrownSpot,0
BrownSpot/IMG_3160.jpg,BrownSpot,0
BrownSpot/IMG_3161.jpg,BrownSpot,0
BrownSpot/IMG_3162.jpg,BrownSpot,0
BrownSpot/IMG_3165.jpg,BrownSpot,0
BrownSpot/IMG_3177.jpg,BrownSpot,0
BrownSpot/IMG_3179.jpg,BrownSpot,0
BrownSpot/IMG_3181.jpg,BrownSpot,0
BrownSpot/IMG_3182.jpg,BrownSpot,0
BrownSpot/IMG_3183.jpg,BrownSpot,0
BrownSpot/IMG_3191.jpg,BrownSpot,0
BrownSpot/IMG_3199.jpg,BrownSpot,0
BrownSpot/IMG_3224.jpg,BrownSpot,0
BrownSpot/IMG_3227.jpg,BrownSpot,0
BrownSpot/IMG_3229.jpg,BrownSpot,0
BrownSpot/IMG_3239.jpg,BrownSpot,0
BrownSpot/IMG_3241.jpg,BrownSpot,0
BrownSpot/IMG_3244.jpg,BrownSpot,0
BrownSpot/IMG_3245.jpg,BrownSpot,0
BrownSpot/IMG_4831.jpg,BrownSpot,0
BrownSpot/IMG_4832.jpg,BrownSpot,0
BrownSpot/IMG_4863.jpg,BrownSpot,0
BrownSpot/IMG_4864.jpg,BrownSpot,0
BrownSpot/IMG_4866.jpg,BrownSpot,0
BrownSpot/IMG_4901.jpg,BrownSpot,0
BrownSpot/IMG_4904.jpg,BrownSpot,0
BrownSpot/IMG_4905.jpg,BrownSpot,0
BrownSpot/IMG_4906.jpg,BrownSpot,0
BrownSpot/IMG_5487.jpg,BrownSpot,0
BrownSpot/IMG_5510.jpg,BrownSpot,0
BrownSpot/IMG_5511.jpg,BrownSpot,0
Healthy/IMG_20190419_094746.jpg,Healthy,1
Healthy/IMG_20190419_094756.jpg,Healthy,1
Healthy/IMG_20190419_094925.jpg,Healthy,1
Healthy/IMG_20190419_094932.jpg,Healthy,1
Healthy/IMG_20190419_094943.jpg,Healthy,1
Healthy/IMG_20190419_094948.jpg,Healthy,1
Healthy/IMG_20190419_095003.jpg,Healthy,1
Healthy/IMG_20190419_095442.jpg,Healthy,1
Healthy/IMG_20190419_095504.jpg,Healthy,1
Healthy/IMG_20190419_095521.jpg,Healthy,1
Healthy/IMG_20190419_095611.jpg,Healthy,1
Healthy/IMG_20190419_095629.jpg,Healthy,1
Healthy/IMG_20190419_095648.jpg,Healthy,1
Healthy/IMG_20190419_100056.jpg,Healthy,1
Healthy/IMG_20190419_100157.jpg,Healthy,1
Healthy/IMG_20190419_100200.jpg,Healthy,1
Healthy/IMG_20190419_100204.jpg,Healthy,1
Healthy/IMG_20190419_100214.jpg,Healthy,1
Healthy/IMG_20190419_100239.jpg,Healthy,1
Healthy/IMG_20190419_100418.jpg,Healthy,1
Healthy/IMG_20190419_100514.jpg,Healthy,1
Healthy/IMG_20190419_100703.jpg,Healthy,1
Healthy/IMG_20190419_100728.jpg,Healthy,1
Healthy/IMG_20190419_100809.jpg,Healthy,1
Healthy/IMG_20190419_100820.jpg,Healthy,1
Healthy/IMG_20190419_102254.jpg,Healthy,1
Healthy/IMG_20190419_102823.jpg,Healthy,1
Healthy/IMG_20190419_102917.jpg,Healthy,1
Healthy/IMG_20190419_102920.jpg,Healthy,1
Healthy/IMG_20190419_103013.jpg,Healthy,1
Healthy/IMG_20190419_103353.jpg,Healthy,1
Healthy/IMG_20190419_103406.jpg,Healthy,1
Healthy/IMG_20190419_103612.jpg,Healthy,1
Healthy/IMG_20190419_103631.jpg,Healthy,1
Healthy/IMG_20190419_110144.jpg,Healthy,1
Healthy/IMG_20190419_110323.jpg,Healthy,1
Healthy/IMG_20190419_110418.jpg,Healthy,1
Healthy/IMG_20190419_110427.jpg,Healthy,1
Healthy/IMG_20190419_111255.jpg,Healthy,1
Healthy/IMG_20190419_111305.jpg,Healthy,1
Healthy/IMG_20190419_111307.jpg,Healthy,1
Healthy/IMG_20190419_111939.jpg,Healthy,1
Healthy/IMG_20190419_112033.jpg,Healthy,1
Healthy/IMG_20190419_112046.jpg,Healthy,1
Healthy/IMG_20190419_112935.jpg,Healthy,1
Healthy/IMG_20190419_113342.jpg,Healthy,1
Healthy/IMG_20190419_113359.jpg,Healthy,1
Healthy/IMG_20190419_113401.jpg,Healthy,1
Healthy/IMG_20190419_113410.jpg,Healthy,1
Healthy/IMG_20190419_113611.jpg,Healthy,1
Healthy/IMG_20190419_113759.jpg,Healthy,1
Healthy/IMG_20190419_114407.jpg,Healthy,1
Healthy/IMG_20190419_114438.jpg,Healthy,1
Healthy/IMG_20190419_114505.jpg,Healthy,1
Healthy/IMG_20190419_114808.jpg,Healthy,1
Healthy/IMG_20190419_114848.jpg,Healthy,1
Healthy/IMG_20190419_115058.jpg,Healthy,1
Healthy/IMG_20190419_115209.jpg,Healthy,1
Healthy/IMG_20190419_115237.jpg,Healthy,1
Healthy/IMG_20190419_115453.jpg,Healthy,1
Healthy/IMG_20190419_115543.jpg,Healthy,1
Healthy/IMG_20190419_123540.jpg,Healthy,1
Healthy/IMG_20190419_123551.jpg,Healthy,1
Healthy/IMG_20190419_123656.jpg,Healthy,1
Healthy/IMG_20190419_123701.jpg,Healthy,1
Healthy/IMG_20190419_124028.jpg,Healthy,1
Healthy/IMG_20190419_124040.jpg,Healthy,1
Healthy/IMG_20190419_124221.jpg,Healthy,1
Healthy/IMG_20190419_124311.jpg,Healthy,1
Healthy/IMG_20190419_124654.jpg,Healthy,1
Healthy/IMG_20190419_124947.jpg,Healthy,1
Healthy/IMG_20190419_124953.jpg,Healthy,1
Healthy/IMG_20190419_125009.jpg,Healthy,1
Healthy/IMG_20190419_125021.jpg,Healthy,1
Healthy/IMG_20190419_130154.jpg,Healthy,1
Healthy/IMG_20190419_130258.jpg,Healthy,1
Healthy/IMG_20190419_131550.jpg,Healthy,1
Healthy/IMG_20190419_131600.jpg,Healthy,1
Healthy/IMG_20190419_133826.jpg,Healthy,1
Healthy/IMG_20190419_133829.jpg,Healthy,1
Healthy/IMG_20190419_133856.jpg,Healthy,1
Healthy/IMG_20190419_133901.jpg,Healthy,1
Healthy/IMG_20190419_134336.jpg,Healthy,1
Healthy/IMG_20190419_134338.jpg,Healthy,1
Healthy/IMG_20190419_134409.jpg,Healthy,1
Healthy/IMG_20190419_134417.jpg,Healthy,1
Healthy/IMG_20190419_134420.jpg,Healthy,1
Healthy/IMG_20190419_134426.jpg,Healthy,1
Healthy/IMG_20190419_134528.jpg,Healthy,1
Healthy/IMG_20190419_134553.jpg,Healthy,1
Healthy/IMG_20190419_134622.jpg,Healthy,1
Healthy/IMG_20190419_134629.jpg,Healthy,1
Healthy/IMG_20190419_134645.jpg,Healthy,1
Healthy/IMG_20190419_134802.jpg,Healthy,1
Healthy/IMG_20190419_134856.jpg,Healthy,1
Healthy/IMG_20190419_134910.jpg,Healthy,1
Healthy/IMG_20190419_135736.jpg,Healthy,1
Healthy/IMG_20190419_135815.jpg,Healthy,1
Healthy/IMG_20190419_140001.jpg,Healthy,1
Healthy/IMG_20190419_140008.jpg,Healthy,1
Healthy/IMG_20190419_140321.jpg,Healthy,1
Healthy/IMG_20190419_140328.jpg,Healthy,1
Healthy/IMG_20190419_140906.jpg,Healthy,1
Healthy/IMG_20190419_140913.jpg,Healthy,1
Healthy/IMG_20190419_140937.jpg,Healthy,1
Healthy/IMG_20190419_140945.jpg,Healthy,1
Healthy/IMG_20190419_141204.jpg,Healthy,1
Healthy/IMG_20190419_141306.jpg,Healthy,1
Healthy/IMG_20190419_141325.jpg,Healthy,1
Healthy/IMG_20190419_141329.jpg,Healthy,1
Healthy/IMG_20190419_141331.jpg,Healthy,1
Healthy/IMG_20190419_141359.jpg,Healthy,1
Healthy/IMG_20190419_141404.jpg,Healthy,1
Healthy/IMG_20190419_141533.jpg,Healthy,1
Healthy/IMG_20190419_144038.jpg,Healthy,1
Healthy/IMG_20190419_144054.jpg,Healthy,1
Healthy/IMG_20190419_144137.jpg,Healthy,1
Healthy/IMG_20190419_144348.jpg,Healthy,1
Healthy/IMG_20190419_144406.jpg,Healthy,1
Healthy/IMG_20190419_144440.jpg,Healthy,1
Healthy/IMG_20190419_144445.jpg,Healthy,1
Healthy/IMG_20190419_144458.jpg,Healthy,1
Healthy/IMG_20190419_144710.jpg,Healthy,1
Healthy/IMG_20190419_144722.jpg,Healthy,1
Healthy/IMG_20190419_144750.jpg,Healthy,1
Healthy/IMG_20190419_144918.jpg,Healthy,1
Healthy/IMG_20190419_144945.jpg,Healthy,1
Healthy/IMG_20190419_145003.jpg,Healthy,1
Healthy/IMG_20190419_145011.jpg,Healthy,1
Healthy/IMG_20190419_145027.jpg,Healthy,1
Healthy/IMG_20190419_145037.jpg,Healthy,1
Healthy/IMG_20190419_145405.jpg,Healthy,1
Healthy/IMG_20190419_145419.jpg,Healthy,1
Healthy/IMG_20190419_145430.jpg,Healthy,1
Healthy/IMG_20190419_145541.jpg,Healthy,1
Healthy/IMG_20190419_152559.jpg,Healthy,1
Healthy/IMG_20190419_152612.jpg,Healthy,1
Healthy/IMG_20190419_152753.jpg,Healthy,1
Healthy/IMG_20190419_161244.jpg,Healthy,1
Healthy/IMG_20190419_161404.jpg,Healthy,1
Healthy/IMG_20190419_161444.jpg,Healthy,1
Healthy/IMG_20190419_161516.jpg,Healthy,1
Healthy/IMG_20190419_161709.jpg,Healthy,1
Healthy/IMG_20190419_161743.jpg,Healthy,1
Healthy/IMG_20190419_161843.jpg,Healthy,1
Healthy/IMG_20190419_161852.jpg,Healthy,1
Healthy/IMG_20190419_162059.jpg,Healthy,1
Healthy/IMG_20190419_162101.jpg,Healthy,1
Healthy/IMG_20190419_162129.jpg,Healthy,1
Healthy/IMG_20190419_162133.jpg,Healthy,1
Healthy/IMG_20190419_162220.jpg,Healthy,1
Healthy/IMG_20190419_162233.jpg,Healthy,1
Healthy/IMG_20190419_162243.jpg,Healthy,1
Healthy/IMG_20190419_162635.jpg,Healthy,1
Healthy/IMG_20190419_162646.jpg,Healthy,1
Healthy/IMG_20190419_162653.jpg,Healthy,1
Healthy/IMG_20190419_162802.jpg,Healthy,1
Healthy/IMG_20190419_162820.jpg,Healthy,1
Healthy/IMG_20190419_162938.jpg,Healthy,1
Healthy/IMG_20190419_162945.jpg,Healthy,1
Healthy/IMG_20190419_162950.jpg,Healthy,1
Healthy/IMG_20190419_162952.jpg,Healthy,1
Healthy/IMG_20190419_163150.jpg,Healthy,1
Healthy/IMG_20190419_163152.jpg,Healthy,1
Healthy/IMG_20190419_163159.jpg,Healthy,1
Healthy/IMG_20190419_163200.jpg,Healthy,1
Healthy/IMG_20190419_163306.jpg,Healthy,1
Healthy/IMG_20190419_163322.jpg,Healthy,1
Healthy/IMG_20190419_163329.jpg,Healthy,1
Healthy/IMG_20190419_163940.jpg,Healthy,1
Healthy/IMG_20190419_164015.jpg,Healthy,1
Healthy/IMG_20190419_164034.jpg,Healthy,1
Healthy/IMG_20190419_164041.jpg,Healthy,1
Healthy/IMG_20190419_164049.jpg,Healthy,1
Healthy/IMG_20190419_164100.jpg,Healthy,1
Healthy/IMG_20190419_164143.jpg,Healthy,1
Healthy/IMG_20190419_164212.jpg,Healthy,1
Healthy/IMG_20190419_164239.jpg,Healthy,1
Healthy/IMG_20190419_164302.jpg,Healthy,1
Healthy/IMG_20190419_164329.jpg,Healthy,1
Healthy/IMG_20190419_164335.jpg,Healthy,1
Healthy/IMG_20190419_164850.jpg,Healthy,1
Healthy/IMG_20190419_164902.jpg,Healthy,1
Healthy/IMG_20190419_164931.jpg,Healthy,1
Healthy/IMG_20190419_165010.jpg,Healthy,1
Healthy/IMG_20190419_165020.jpg,Healthy,1
Healthy/IMG_20190419_165115.jpg,Healthy,1
Healthy/IMG_20190419_165229.jpg,Healthy,1
Healthy/IMG_20190419_165300.jpg,Healthy,1
Healthy/IMG_20190419_165305.jpg,Healthy,1
Healthy/IMG_20190419_165320.jpg,Healthy,1
Healthy/IMG_20190419_165333.jpg,Healthy,1
Healthy/IMG_20190419_165338.jpg,Healthy,1
Healthy/IMG_20190419_165340.jpg,Healthy,1
Healthy/IMG_20190419_165553.jpg,Healthy,1
Healthy/IMG_20190419_165743.jpg,Healthy,1
Healthy/IMG_20190419_165750.jpg,Healthy,1
Healthy/IMG_20190419_165752.jpg,Healthy,1
Healthy/IMG_20190419_165755.jpg,Healthy,1
Healthy/IMG_20190419_165809.jpg,Healthy,1
Healthy/IMG_20190419_170242.jpg,Healthy,1
Healthy/IMG_20190419_170413.jpg,Healthy,1
Healthy/IMG_20190419_170431.jpg,Healthy,1
Healthy/IMG_20190419_170439.jpg,Healthy,1
Healthy/IMG_20190419_170459.jpg,Healthy,1
Healthy/IMG_20190419_170506.jpg,Healthy,1
Healthy/IMG_20190419_171054.jpg,Healthy,1
Healthy/IMG_20190419_171055.jpg,Healthy,1
Healthy/IMG_20190419_171145.jpg,Healthy,1
Healthy/IMG_20190419_171216.jpg,Healthy,1
Healthy/IMG_20190419_171229.jpg,Healthy,1
Healthy/IMG_20190419_171245.jpg,Healthy,1
Healthy/IMG_20190419_171954.jpg,Healthy,1
Healthy/IMG_20190419_172002.jpg,Healthy,1
Healthy/IMG_20190419_172005.jpg,Healthy,1
Healthy/IMG_20190419_172010.jpg,Healthy,1
Healthy/IMG_20190419_172039.jpg,Healthy,1
Healthy/IMG_20190419_172045.jpg,Healthy,1
Healthy/IMG_20190419_172121.jpg,Healthy,1
Healthy/IMG_20190419_172123.jpg,Healthy,1
Healthy/IMG_20190419_172150.jpg,Healthy,1
Healthy/IMG_20190419_172200.jpg,Healthy,1
Healthy/IMG_20190419_172204.jpg,Healthy,1
Healthy/IMG_20190419_172211.jpg,Healthy,1
Healthy/IMG_20190419_172236.jpg,Healthy,1
Healthy/IMG_20190419_172336.jpg,Healthy,1
Healthy/IMG_20190419_172408.jpg,Healthy,1
Healthy/IMG_20190419_172413.jpg,Healthy,1
Healthy/IMG_20190419_172429.jpg,Healthy,1
Healthy/IMG_20190419_172437.jpg,Healthy,1
Healthy/IMG_20190419_172440.jpg,Healthy,1
Healthy/IMG_20190419_172927.jpg,Healthy,1
Healthy/IMG_20190419_172936.jpg,Healthy,1
Healthy/IMG_20190419_172945.jpg,Healthy,1
Healthy/IMG_20190419_172949.jpg,Healthy,1
Healthy/IMG_20190419_173218.jpg,Healthy,1
Healthy/IMG_20190419_173315.jpg,Healthy,1
Healthy/IMG_20190419_173408.jpg,Healthy,1
Healthy/IMG_20190419_173414.jpg,Healthy,1
Healthy/IMG_20190419_173852.jpg,Healthy,1
Healthy/IMG_20190419_174051.jpg,Healthy,1
Healthy/IMG_20190419_174054.jpg,Healthy,1
Healthy/IMG_20190419_174139.jpg,Healthy,1
Healthy/IMG_20190419_174214.jpg,Healthy,1
Healthy/IMG_20190419_174221.jpg,Healthy,1
Healthy/IMG_20190419_174302.jpg,Healthy,1
Healthy/IMG_20190419_174306.jpg,Healthy,1
Healthy/IMG_20190419_174457.jpg,Healthy,1
Healthy/IMG_20190419_174507.jpg,Healthy,1
Healthy/IMG_20190419_174512.jpg,Healthy,1
Healthy/IMG_20190419_175233.jpg,Healthy,1
Healthy/IMG_20190419_175243.jpg,Healthy,1
Healthy/IMG_20190419_175247.jpg,Healthy,1
Healthy/IMG_20190419_175304.jpg,Healthy,1
Healthy/IMG_20190419_175326.jpg,Healthy,1
Healthy/IMG_20190419_175342.jpg,Healthy,1
Healthy/IMG_20190420_190039.jpg,Healthy,1
Healthy/IMG_20190420_190927.jpg,Healthy,1
Healthy/IMG_20190420_190946.jpg,Healthy,1
Healthy/IMG_20190420_193319.jpg,Healthy,1
Healthy/IMG_20190420_193338.jpg,Healthy,1
Healthy/IMG_20190420_193349.jpg,Healthy,1
Healthy/IMG_20190420_194055.jpg,Healthy,1
Healthy/IMG_20190420_194316.jpg,Healthy,1
Healthy/IMG_20190420_194317.jpg,Healthy,1
Healthy/IMG_20190420_194331.jpg,Healthy,1
Healthy/IMG_20190420_194339.jpg,Healthy,1
Healthy/IMG_20190420_194731.jpg,Healthy,1
Healthy/IMG_20190420_200345.jpg,Healthy,1
Healthy/IMG_20190420_200435.jpg,Healthy,1
Healthy/IMG_20190420_200443.jpg,Healthy,1
Healthy/IMG_20190420_200445.jpg,Healthy,1
Healthy/IMG_20190420_200456.jpg,Healthy,1
Healthy/IMG_20190420_200458.jpg,Healthy,1
Healthy/IMG_20190421_195324.jpg,Healthy,1
Healthy/IMG_20190421_195346.jpg,Healthy,1
Healthy/IMG_20190421_195348.jpg,Healthy,1
Healthy/IMG_20190421_195404.jpg,Healthy,1
Healthy/IMG_20190421_195419.jpg,Healthy,1
Healthy/IMG_20190421_195437.jpg,Healthy,1
Healthy/IMG_20190421_195608.jpg,Healthy,1
Healthy/IMG_20190421_195617.jpg,Healthy,1
Healthy/IMG_20190421_195756.jpg,Healthy,1
Healthy/IMG_20190421_195830.jpg,Healthy,1
Healthy/IMG_20190421_195904.jpg,Healthy,1
Healthy/IMG_20190424_125645.jpg,Healthy,1
Healthy/IMG_20190424_125722.jpg,Healthy,1
Healthy/IMG_20190424_125836.jpg,Healthy,1
Healthy/IMG_20190424_125913.jpg,Healthy,1
Healthy/IMG_20190424_125914.jpg,Healthy,1
Healthy/IMG_20190424_130008.jpg,Healthy,1
Healthy/IMG_20190424_130033.jpg,Healthy,1
Healthy/IMG_20190424_130044.jpg,Healthy,1
Healthy/IMG_20190424_130105.jpg,Healthy,1
Healthy/IMG_20190424_130145.jpg,Healthy,1
Healthy/IMG_20190424_130156.jpg,Healthy,1
Healthy/IMG_20190424_130206.jpg,Healthy,1
Healthy/IMG_20190424_130229.jpg,Healthy,1
Healthy/IMG_20190424_130250.jpg,Healthy,1
Healthy/IMG_20190424_130408.jpg,Healthy,1
Healthy/IMG_20190424_130425.jpg,Healthy,1
Healthy/IMG_20190424_130449.jpg,Healthy,1
Healthy/IMG_20190424_130455.jpg,Healthy,1
Healthy/IMG_20190424_130516.jpg,Healthy,1
Healthy/IMG_20190424_130522.jpg,Healthy,1
Healthy/IMG_20190424_130550.jpg,Healthy,1
Healthy/IMG_20190424_130646.jpg,Healthy,1
Healthy/IMG_20190424_130648.jpg,Healthy,1
Healthy/IMG_20190424_130702.jpg,Healthy,1
Healthy/IMG_20190424_130711.jpg,Healthy,1
Healthy/IMG_20190424_130737.jpg,Healthy,1
Healthy/IMG_20190424_130743.jpg,Healthy,1
Healthy/IMG_20190424_130804.jpg,Healthy,1
Healthy/IMG_20190424_130808.jpg,Healthy,1
Healthy/IMG_20190424_130828.jpg,Healthy,1
Healthy/IMG_20190424_130829.jpg,Healthy,1
Healthy/IMG_20190424_130833.jpg,Healthy,1
Healthy/IMG_20190424_130835.jpg,Healthy,1
Healthy/IMG_20190424_130904.jpg,Healthy,1
Healthy/IMG_20190424_130924.jpg,Healthy,1
Healthy/IMG_20190424_130926.jpg,Healthy,1
Healthy/IMG_20190424_130930.jpg,Healthy,1
Healthy/IMG_20190424_130949.jpg,Healthy,1
Healthy/IMG_20190424_130954.jpg,Healthy,1
Healthy/IMG_20190424_131019.jpg,Healthy,1
Healthy/IMG_20190424_131020.jpg,Healthy,1
Healthy/IMG_20190424_131040.jpg,Healthy,1
Healthy/IMG_20190424_131045.jpg,Healthy,1
Healthy/IMG_20190424_131231.jpg,Healthy,1
Healthy/IMG_20190424_131250.jpg,Healthy,1
Healthy/IMG_20190424_131316.jpg,Healthy,1
Healthy/IMG_20190424_131348.jpg,Healthy,1
Healthy/IMG_20190424_131350.jpg,Healthy,1
Healthy/IMG_20190424_131352.jpg,Healthy,1
Healthy/IMG_20190424_131417.jpg,Healthy,1
Healthy/IMG_20190424_131429.jpg,Healthy,1
Healthy/IMG_20190424_131433.jpg,Healthy,1
Healthy/IMG_20190424_131509.jpg,Healthy,1
Healthy/IMG_20190424_131531.jpg,Healthy,1
Healthy/IMG_20190424_131550.jpg,Healthy,1
Healthy/IMG_20190424_131655.jpg,Healthy,1
Healthy/IMG_20190424_131656.jpg,Healthy,1
Healthy/IMG_20190424_131700.jpg,Healthy,1
Healthy/IMG_20190424_131722.jpg,Healthy,1
Healthy/IMG_20190424_131723.jpg,Healthy,1
Healthy/IMG_20190424_132002.jpg,Healthy,1
Healthy/IMG_20190424_132014.jpg,Healthy,1
Healthy/IMG_20190424_132018.jpg,Healthy,1
Healthy/IMG_20190424_132127.jpg,Healthy,1
Healthy/IMG_20190424_132147.jpg,Healthy,1
Healthy/IMG_20190424_132149.jpg,Healthy,1
Healthy/IMG_20190424_132156.jpg,Healthy,1
Healthy/IMG_20190424_132227.jpg,Healthy,1
Healthy/IMG_20190424_132255.jpg,Healthy,1
Healthy/IMG_20190424_132258.jpg,Healthy,1
Healthy/IMG_20190424_132441.jpg,Healthy,1
Healthy/IMG_20190424_132442.jpg,Healthy,1
Healthy/IMG_20190424_132507.jpg,Healthy,1
Healthy/IMG_20190424_133111.jpg,Healthy,1
Healthy/IMG_20190424_133143.jpg,Healthy,1
Healthy/IMG_20190424_133145.jpg,Healthy,1
Healthy/IMG_20190424_133151.jpg,Healthy,1
Healthy/IMG_20190424_133532.jpg,Healthy,1
Healthy/IMG_20190424_133537.jpg,Healthy,1
Healthy/IMG_20190424_133556.jpg,Healthy,1
Healthy/IMG_20190424_133613.jpg,Healthy,1
Healthy/IMG_20190424_133624.jpg,Healthy,1
Healthy/IMG_20190424_133645.jpg,Healthy,1
Healthy/IMG_20190424_133656.jpg,Healthy,1
Healthy/IMG_20190424_133725.jpg,Healthy,1
Healthy/IMG_20190424_133741.jpg,Healthy,1
Healthy/IMG_20190424_133742.jpg,Healthy,1
Healthy/IMG_20190424_133820.jpg,Healthy,1
Healthy/IMG_20190424_133821.jpg,Healthy,1
Healthy/IMG_20190424_133823.jpg,Healthy,1
Healthy/IMG_20190424_133836.jpg,Healthy,1
Healthy/IMG_20190424_134008.jpg,Healthy,1
Healthy/IMG_20190424_134013.jpg,Healthy,1
Healthy/IMG_20190424_134025.jpg,Healthy,1
Healthy/IMG_20190424_134046.jpg,Healthy,1
Healthy/IMG_20190424_134049.jpg,Healthy,1
Healthy/IMG_20190424_134050.jpg,Healthy,1
Healthy/IMG_3028.jpg,Healthy,1
Healthy/IMG_3034.jpg,Healthy,1
Healthy/IMG_3035.jpg,Healthy,1
Healthy/IMG_3065.jpg,Healthy,1
Healthy/IMG_3119.jpg,Healthy,1
Healthy/IMG_3126.jpg,Healthy,1
Healthy/IMG_3130.jpg,Healthy,1
Healthy/IMG_3140.jpg,Healthy,1
Healthy/IMG_3141.jpg,Healthy,1
Healthy/IMG_3188.jpg,Healthy,1
Healthy/IMG_3196.jpg,Healthy,1
Healthy/IMG_3201.jpg,Healthy,1
Healthy/IMG_3219.jpg,Healthy,1
Healthy/IMG_3220.jpg,Healthy,1
Healthy/IMG_3235.jpg,Healthy,1
Healthy/IMG_3237.jpg,Healthy,1
Healthy/IMG_4954.jpg,Healthy,1
Healthy/IMG_4955.jpg,Healthy,1
Hispa/IMG_20190419_094245.jpg,Hispa,2
Hispa/IMG_20190419_094254.jpg,Hispa,2
Hispa/IMG_20190419_094313.jpg,Hispa,2
Hispa/IMG_20190419_094330.jpg,Hispa,2
Hispa/IMG_20190419_094850.jpg,Hispa,2
Hispa/IMG_20190419_095001.jpg,Hispa,2
Hispa/IMG_20190419_095008.jpg,Hispa,2
Hispa/IMG_20190419_095012.jpg,Hispa,2
Hispa/IMG_20190419_095310.jpg,Hispa,2
Hispa/IMG_20190419_095315.jpg,Hispa,2
Hispa/IMG_20190419_095623.jpg,Hispa,2
Hispa/IMG_20190419_095802.jpg,Hispa,2
Hispa/IMG_20190419_095906.jpg,Hispa,2
Hispa/IMG_20190419_095915.jpg,Hispa,2
Hispa/IMG_20190419_095920.jpg,Hispa,2
Hispa/IMG_20190419_095930.jpg,Hispa,2
Hispa/IMG_20190419_095931.jpg,Hispa,2
Hispa/IMG_20190419_095939.jpg,Hispa,2
Hispa/IMG_20190419_095947.jpg,Hispa,2
Hispa/IMG_20190419_100042.jpg,Hispa,2
Hispa/IMG_20190419_100047.jpg,Hispa,2
Hispa/IMG_20190419_100345.jpg,Hispa,2
Hispa/IMG_20190419_100347.jpg,Hispa,2
Hispa/IMG_20190419_100408.jpg,Hispa,2
Hispa/IMG_20190419_100410.jpg,Hispa,2
Hispa/IMG_20190419_100505.jpg,Hispa,2
Hispa/IMG_20190419_100832.jpg,Hispa,2
Hispa/IMG_20190419_100849.jpg,Hispa,2
Hispa/IMG_20190419_100904.jpg,Hispa,2
Hispa/IMG_20190419_100907.jpg,Hispa,2
Hispa/IMG_20190419_100944.jpg,Hispa,2
Hispa/IMG_20190419_100959.jpg,Hispa,2
Hispa/IMG_20190419_101016.jpg,Hispa,2
Hispa/IMG_20190419_101026.jpg,Hispa,2
Hispa/IMG_20190419_101044.jpg,Hispa,2
Hispa/IMG_20190419_102334.jpg,Hispa,2
Hispa/IMG_20190419_102339.jpg,Hispa,2
Hispa/IMG_20190419_103306.jpg,Hispa,2
Hispa/IMG_20190419_103319.jpg,Hispa,2
Hispa/IMG_20190419_103334.jpg,Hispa,2
Hispa/IMG_20190419_103416.jpg,Hispa,2
Hispa/IMG_20190419_103419.jpg,Hispa,2
Hispa/IMG_20190419_103430.jpg,Hispa,2
Hispa/IMG_20190419_103455.jpg,Hispa,2
Hispa/IMG_20190419_103516.jpg,Hispa,2
Hispa/IMG_20190419_105641.jpg,Hispa,2
Hispa/IMG_20190419_105643.jpg,Hispa,2
Hispa/IMG_20190419_105733.jpg,Hispa,2
Hispa/IMG_20190419_105736.jpg,Hispa,2
Hispa/IMG_20190419_110457.jpg,Hispa,2
Hispa/IMG_20190419_110512.jpg,Hispa,2
Hispa/IMG_20190419_110519.jpg,Hispa,2
Hispa/IMG_20190419_110639.jpg,Hispa,2
Hispa/IMG_20190419_110640.jpg,Hispa,2
Hispa/IMG_20190419_112527.jpg,Hispa,2
Hispa/IMG_20190419_112535.jpg,Hispa,2
Hispa/IMG_20190419_112546.jpg,Hispa,2
Hispa/IMG_20190419_113353.jpg,Hispa,2
Hispa/IMG_20190419_113859.jpg,Hispa,2
Hispa/IMG_20190419_113928.jpg,Hispa,2
Hispa/IMG_20190419_114323.jpg,Hispa,2
Hispa/IMG_20190419_114328.jpg,Hispa,2
Hispa/IMG_20190419_114410.jpg,Hispa,2
Hispa/IMG_20190419_114451.jpg,Hispa,2
Hispa/IMG_20190419_114500.jpg,Hispa,2
Hispa/IMG_20190419_114949.jpg,Hispa,2
Hispa/IMG_20190419_114953.jpg,Hispa,2
Hispa/IMG_20190419_115003.jpg,Hispa,2
Hispa/IMG_20190419_115028.jpg,Hispa,2
Hispa/IMG_20190419_115032.jpg,Hispa,2
Hispa/IMG_20190419_115314.jpg,Hispa,2
Hispa/IMG_20190419_115318.jpg,Hispa,2
Hispa/IMG_20190419_123848.jpg,Hispa,2
Hispa/IMG_20190419_123903.jpg,Hispa,2
Hispa/IMG_20190419_124607.jpg,Hispa,2
Hispa/IMG_20190419_124629.jpg,Hispa,2
Hispa/IMG_20190419_124708.jpg,Hispa,2
Hispa/IMG_20190419_124727.jpg,Hispa,2
Hispa/IMG_20190419_124748.jpg,Hispa,2
Hispa/IMG_20190419_124756.jpg,Hispa,2
Hispa/IMG_20190419_124822.jpg,Hispa,2
Hispa/IMG_20190419_130307.jpg,Hispa,2
Hispa/IMG_20190419_130318.jpg,Hispa,2
Hispa/IMG_20190419_130335.jpg,Hispa,2
Hispa/IMG_20190419_130343.jpg,Hispa,2
Hispa/IMG_20190419_130353.jpg,Hispa,2
Hispa/IMG_20190419_131420.jpg,Hispa,2
Hispa/IMG_20190419_131458.jpg,Hispa,2
Hispa/IMG_20190419_131503.jpg,Hispa,2
Hispa/IMG_20190419_133810.jpg,Hispa,2
Hispa/IMG_20190419_134302.jpg,Hispa,2
Hispa/IMG_20190419_134304.jpg,Hispa,2
Hispa/IMG_20190419_134311.jpg,Hispa,2
Hispa/IMG_20190419_134321.jpg,Hispa,2
Hispa/IMG_20190419_134502.jpg,Hispa,2
Hispa/IMG_20190419_134509.jpg,Hispa,2
Hispa/IMG_20190419_134513.jpg,Hispa,2
Hispa/IMG_20190419_134516.jpg,Hispa,2
Hispa/IMG_20190419_134655.jpg,Hispa,2
Hispa/IMG_20190419_134658.jpg,Hispa,2
Hispa/IMG_20190419_134659.jpg,Hispa,2
Hispa/IMG_20190419_134701.jpg,Hispa,2
Hispa/IMG_20190419_134723.jpg,Hispa,2
Hispa/IMG_20190419_134729.jpg,Hispa,2
Hispa/IMG_20190419_134734.jpg,Hispa,2
Hispa/IMG_20190419_134821.jpg,Hispa,2
Hispa/IMG_20190419_134828.jpg,Hispa,2
Hispa/IMG_20190419_134839.jpg,Hispa,2
Hispa/IMG_20190419_135027.jpg,Hispa,2
Hispa/IMG_20190419_135732.jpg,Hispa,2
Hispa/IMG_20190419_135755.jpg,Hispa,2
Hispa/IMG_20190419_135800.jpg,Hispa,2
Hispa/IMG_20190419_140037.jpg,Hispa,2
Hispa/IMG_20190419_140040.jpg,Hispa,2
Hispa/IMG_20190419_140044.jpg,Hispa,2
Hispa/IMG_20190419_140050.jpg,Hispa,2
Hispa/IMG_20190419_140059.jpg,Hispa,2
Hispa/IMG_20190419_140100.jpg,Hispa,2
Hispa/IMG_20190419_140107.jpg,Hispa,2
Hispa/IMG_20190419_140112.jpg,Hispa,2
Hispa/IMG_20190419_140116.jpg,Hispa,2
Hispa/IMG_20190419_140125.jpg,Hispa,2
Hispa/IMG_20190419_140138.jpg,Hispa,2
Hispa/IMG_20190419_140145.jpg,Hispa,2
Hispa/IMG_20190419_140156.jpg,Hispa,2
Hispa/IMG_20190419_140200.jpg,Hispa,2
Hispa/IMG_20190419_140207.jpg,Hispa,2
Hispa/IMG_20190419_140215.jpg,Hispa,2
Hispa/IMG_20190419_140219.jpg,Hispa,2
Hispa/IMG_20190419_140233.jpg,Hispa,2
Hispa/IMG_20190419_140353.jpg,Hispa,2
Hispa/IMG_20190419_141002.jpg,Hispa,2
Hispa/IMG_20190419_141005.jpg,Hispa,2
Hispa/IMG_20190419_141013.jpg,Hispa,2
Hispa/IMG_20190419_141437.jpg,Hispa,2
Hispa/IMG_20190419_141442.jpg,Hispa,2
Hispa/IMG_20190419_144004.jpg,Hispa,2
Hispa/IMG_20190419_144015.jpg,Hispa,2
Hispa/IMG_20190419_144018.jpg,Hispa,2
Hispa/IMG_20190419_144143.jpg,Hispa,2
Hispa/IMG_20190419_144153.jpg,Hispa,2
Hispa/IMG_20190419_144158.jpg,Hispa,2
Hispa/IMG_20190419_144224.jpg,Hispa,2
Hispa/IMG_20190419_144226.jpg,Hispa,2
Hispa/IMG_20190419_144231.jpg,Hispa,2
Hispa/IMG_20190419_144234.jpg,Hispa,2
Hispa/IMG_20190419_144245.jpg,Hispa,2
Hispa/IMG_20190419_144249.jpg,Hispa,2
Hispa/IMG_20190419_144252.jpg,Hispa,2
Hispa/IMG_20190419_144410.jpg,Hispa,2
Hispa/IMG_20190419_144414.jpg,Hispa,2
Hispa/IMG_20190419_144559.jpg,Hispa,2
Hispa/IMG_20190419_144604.jpg,Hispa,2
Hispa/IMG_20190419_144607.jpg,Hispa,2
Hispa/IMG_20190419_144610.jpg,Hispa,2
Hispa/IMG_20190419_144612.jpg,Hispa,2
Hispa/IMG_20190419_144623.jpg,Hispa,2
Hispa/IMG_20190419_144626.jpg,Hispa,2
Hispa/IMG_20190419_144641.jpg,Hispa,2
Hispa/IMG_20190419_144645.jpg,Hispa,2
Hispa/IMG_20190419_144647.jpg,Hispa,2
Hispa/IMG_20190419_144651.jpg,Hispa,2
Hispa/IMG_20190419_144654.jpg,Hispa,2
Hispa/IMG_20190419_144656.jpg,Hispa,2
Hispa/IMG_20190419_144658.jpg,Hispa,2
Hispa/IMG_20190419_144730.jpg,Hispa,2
Hispa/IMG_20190419_144810.jpg,Hispa,2
Hispa/IMG_20190419_144812.jpg,Hispa,2
Hispa/IMG_20190419_144830.jpg,Hispa,2
Hispa/IMG_20190419_144854.jpg,Hispa,2
Hispa/IMG_20190419_144857.jpg,Hispa,2
Hispa/IMG_20190419_144859.jpg,Hispa,2
Hispa/IMG_20190419_144907.jpg,Hispa,2
Hispa/IMG_20190419_144911.jpg,Hispa,2
Hispa/IMG_20190419_144925.jpg,Hispa,2
Hispa/IMG_20190419_144927.jpg,Hispa,2
Hispa/IMG_20190419_145238.jpg,Hispa,2
Hispa/IMG_20190419_145533.jpg,Hispa,2
Hispa/IMG_20190419_150446.jpg,Hispa,2
Hispa/IMG_20190419_150604.jpg,Hispa,2
Hispa/IMG_20190419_150853.jpg,Hispa,2
Hispa/IMG_20190419_150926.jpg,Hispa,2
Hispa/IMG_20190419_152451.jpg,Hispa,2
Hispa/IMG_20190419_152501.jpg,Hispa,2
Hispa/IMG_20190419_152708.jpg,Hispa,2
Hispa/IMG_20190419_152718.jpg,Hispa,2
Hispa/IMG_20190419_153215.jpg,Hispa,2
Hispa/IMG_20190419_161338.jpg,Hispa,2
Hispa/IMG_20190419_161340.jpg,Hispa,2
Hispa/IMG_20190419_161343.jpg,Hispa,2
Hispa/IMG_20190419_161427.jpg,Hispa,2
Hispa/IMG_20190419_161430.jpg,Hispa,2
Hispa/IMG_20190419_161433.jpg,Hispa,2
Hispa/IMG_20190419_161435.jpg,Hispa,2
Hispa/IMG_20190419_161440.jpg,Hispa,2
Hispa/IMG_20190419_161736.jpg,Hispa,2
Hispa/IMG_20190419_161739.jpg,Hispa,2
Hispa/IMG_20190419_161912.jpg,Hispa,2
Hispa/IMG_20190419_161918.jpg,Hispa,2
Hispa/IMG_20190419_161920.jpg,Hispa,2
Hispa/IMG_20190419_161925.jpg,Hispa,2
Hispa/IMG_20190419_161934.jpg,Hispa,2
Hispa/IMG_20190419_161937.jpg,Hispa,2
Hispa/IMG_20190419_161945.jpg,Hispa,2
Hispa/IMG_20190419_161947.jpg,Hispa,2
Hispa/IMG_20190419_162001.jpg,Hispa,2
Hispa/IMG_20190419_162034.jpg,Hispa,2
Hispa/IMG_20190419_162039.jpg,Hispa,2
Hispa/IMG_20190419_162052.jpg,Hispa,2
Hispa/IMG_20190419_162310.jpg,Hispa,2
Hispa/IMG_20190419_162312.jpg,Hispa,2
Hispa/IMG_20190419_162314.jpg,Hispa,2
Hispa/IMG_20190419_162317.jpg,Hispa,2
Hispa/IMG_20190419_162319.jpg,Hispa,2
Hispa/IMG_20190419_162844.jpg,Hispa,2
Hispa/IMG_20190419_162853.jpg,Hispa,2
Hispa/IMG_20190419_162857.jpg,Hispa,2
Hispa/IMG_20190419_162901.jpg,Hispa,2
Hispa/IMG_20190419_162904.jpg,Hispa,2
Hispa/IMG_20190419_162907.jpg,Hispa,2
Hispa/IMG_20190419_162910.jpg,Hispa,2
Hispa/IMG_20190419_162912.jpg,Hispa,2
Hispa/IMG_20190419_162925.jpg,Hispa,2
Hispa/IMG_20190419_162928.jpg,Hispa,2
Hispa/IMG_20190419_163033.jpg,Hispa,2
Hispa/IMG_20190419_163038.jpg,Hispa,2
Hispa/IMG_20190419_163043.jpg,Hispa,2
Hispa/IMG_20190419_163046.jpg,Hispa,2
Hispa/IMG_20190419_163048.jpg,Hispa,2
Hispa/IMG_20190419_163052.jpg,Hispa,2
Hispa/IMG_20190419_163105.jpg,Hispa,2
Hispa/IMG_20190419_163109.jpg,Hispa,2
Hispa/IMG_20190419_163126.jpg,Hispa,2
Hispa/IMG_20190419_163135.jpg,Hispa,2
Hispa/IMG_20190419_163137.jpg,Hispa,2
Hispa/IMG_20190419_163234.jpg,Hispa,2
Hispa/IMG_20190419_163243.jpg,Hispa,2
Hispa/IMG_20190419_164159.jpg,Hispa,2
Hispa/IMG_20190419_164215.jpg,Hispa,2
Hispa/IMG_20190419_165133.jpg,Hispa,2
Hispa/IMG_20190419_165136.jpg,Hispa,2
Hispa/IMG_20190419_165158.jpg,Hispa,2
Hispa/IMG_20190419_165201.jpg,Hispa,2
Hispa/IMG_20190419_165203.jpg,Hispa,2
Hispa/IMG_20190419_165208.jpg,Hispa,2
Hispa/IMG_20190419_165212.jpg,Hispa,2
Hispa/IMG_20190419_165619.jpg,Hispa,2
Hispa/IMG_20190419_165626.jpg,Hispa,2
Hispa/IMG_20190419_165632.jpg,Hispa,2
Hispa/IMG_20190419_165635.jpg,Hispa,2
Hispa/IMG_20190419_165638.jpg,Hispa,2
Hispa/IMG_20190419_165642.jpg,Hispa,2
Hispa/IMG_20190419_165653.jpg,Hispa,2
Hispa/IMG_20190419_165704.jpg,Hispa,2
Hispa/IMG_20190419_165718.jpg,Hispa,2
Hispa/IMG_20190419_165721.jpg,Hispa,2
Hispa/IMG_20190419_165817.jpg,Hispa,2
Hispa/IMG_20190419_170502.jpg,Hispa,2
Hispa/IMG_20190419_170753.jpg,Hispa,2
Hispa/IMG_20190419_170759.jpg,Hispa,2
Hispa/IMG_20190419_170835.jpg,Hispa,2
Hispa/IMG_20190419_170838.jpg,Hispa,2
Hispa/IMG_20190419_170851.jpg,Hispa,2
Hispa/IMG_20190419_170857.jpg,Hispa,2
Hispa/IMG_20190419_170901.jpg,Hispa,2
Hispa/IMG_20190419_170906.jpg,Hispa,2
Hispa/IMG_20190419_170918.jpg,Hispa,2
Hispa/IMG_20190419_170919.jpg,Hispa,2
Hispa/IMG_20190419_170921.jpg,Hispa,2
Hispa/IMG_20190419_170923.jpg,Hispa,2
Hispa/IMG_20190419_170928.jpg,Hispa,2
Hispa/IMG_20190419_170936.jpg,Hispa,2
Hispa/IMG_20190419_171129.jpg,Hispa,2
Hispa/IMG_20190419_171132.jpg,Hispa,2
Hispa/IMG_20190419_171134.jpg,Hispa,2
Hispa/IMG_20190419_171856.jpg,Hispa,2
Hispa/IMG_20190419_171858.jpg,Hispa,2
Hispa/IMG_20190419_171900.jpg,Hispa,2
Hispa/IMG_20190419_171905.jpg,Hispa,2
Hispa/IMG_20190419_171914.jpg,Hispa,2
Hispa/IMG_20190419_171917.jpg,Hispa,2
Hispa/IMG_20190419_171919.jpg,Hispa,2
Hispa/IMG_20190419_171922.jpg,Hispa,2
Hispa/IMG_20190419_171924.jpg,Hispa,2
Hispa/IMG_20190419_171935.jpg,Hispa,2
Hispa/IMG_20190419_171944.jpg,Hispa,2
Hispa/IMG_20190419_172738.jpg,Hispa,2
Hispa/IMG_20190419_172743.jpg,Hispa,2
Hispa/IMG_20190419_172745.jpg,Hispa,2
Hispa/IMG_20190419_172746.jpg,Hispa,2
Hispa/IMG_20190419_172750.jpg,Hispa,2
Hispa/IMG_20190419_172753.jpg,Hispa,2
Hispa/IMG_20190419_172757.jpg,Hispa,2
Hispa/IMG_20190419_172800.jpg,Hispa,2
Hispa/IMG_20190419_172808.jpg,Hispa,2
Hispa/IMG_20190419_172810.jpg,Hispa,2
Hispa/IMG_20190419_172812.jpg,Hispa,2
Hispa/IMG_20190419_172821.jpg,Hispa,2
Hispa/IMG_20190419_172843.jpg,Hispa,2
Hispa/IMG_20190419_173009.jpg,Hispa,2
Hispa/IMG_20190419_173011.jpg,Hispa,2
Hispa/IMG_20190419_173014.jpg,Hispa,2
Hispa/IMG_20190419_173017.jpg,Hispa,2
Hispa/IMG_20190419_173018.jpg,Hispa,2
Hispa/IMG_20190419_173023.jpg,Hispa,2
Hispa/IMG_20190419_173025.jpg,Hispa,2
Hispa/IMG_20190419_173033.jpg,Hispa,2
Hispa/IMG_20190419_173037.jpg,Hispa,2
Hispa/IMG_20190419_173044.jpg,Hispa,2
Hispa/IMG_20190419_173046.jpg,Hispa,2
Hispa/IMG_20190419_173052.jpg,Hispa,2
Hispa/IMG_20190419_173059.jpg,Hispa,2
Hispa/IMG_20190419_173102.jpg,Hispa,2
Hispa/IMG_20190419_173216.jpg,Hispa,2
Hispa/IMG_20190419_173225.jpg,Hispa,2
Hispa/IMG_20190419_173236.jpg,Hispa,2
Hispa/IMG_20190419_173242.jpg,Hispa,2
Hispa/IMG_20190419_173246.jpg,Hispa,2
Hispa/IMG_20190419_173250.jpg,Hispa,2
Hispa/IMG_20190419_173251.jpg,Hispa,2
Hispa/IMG_20190419_173254.jpg,Hispa,2
Hispa/IMG_20190419_173256.jpg,Hispa,2
Hispa/IMG_20190419_173406.jpg,Hispa,2
Hispa/IMG_20190419_173927.jpg,Hispa,2
Hispa/IMG_20190419_173931.jpg,Hispa,2
Hispa/IMG_20190419_174047.jpg,Hispa,2
Hispa/IMG_20190419_174059.jpg,Hispa,2
Hispa/IMG_20190419_174102.jpg,Hispa,2
Hispa/IMG_20190419_174105.jpg,Hispa,2
Hispa/IMG_20190419_174447.jpg,Hispa,2
Hispa/IMG_20190419_174450.jpg,Hispa,2
Hispa/IMG_20190419_174540.jpg,Hispa,2
Hispa/IMG_20190419_175129.jpg,Hispa,2
Hispa/IMG_20190419_175135.jpg,Hispa,2
Hispa/IMG_20190419_175150.jpg,Hispa,2
Hispa/IMG_20190419_175153.jpg,Hispa,2
Hispa/IMG_20190420_194220.jpg,Hispa,2
Hispa/IMG_20190420_194340.jpg,Hispa,2
Hispa/IMG_20190420_194341.jpg,Hispa,2
Hispa/IMG_20190420_194342.jpg,Hispa,2
Hispa/IMG_20190420_194342_1.jpg,Hispa,2
Hispa/IMG_20190420_194343.jpg,Hispa,2
Hispa/IMG_20190420_194353.jpg,Hispa,2
Hispa/IMG_20190420_194354_1.jpg,Hispa,2
Hispa/IMG_20190420_194355.jpg,Hispa,2
Hispa/IMG_20190420_194404.jpg,Hispa,2
Hispa/IMG_20190420_194405.jpg,Hispa,2
Hispa/IMG_20190420_194407.jpg,Hispa,2
Hispa/IMG_20190420_194408.jpg,Hispa,2
Hispa/IMG_20190420_194641.jpg,Hispa,2
Hispa/IMG_20190420_194652_1.jpg,Hispa,2
Hispa/IMG_20190420_194653.jpg,Hispa,2
Hispa/IMG_20190420_194654.jpg,Hispa,2
Hispa/IMG_20190420_194655.jpg,Hispa,2
Hispa/IMG_20190420_195516.jpg,Hispa,2
Hispa/IMG_20190420_195518.jpg,Hispa,2
Hispa/IMG_20190420_195521.jpg,Hispa,2
Hispa/IMG_20190420_200337.jpg,Hispa,2
Hispa/IMG_20190420_200351.jpg,Hispa,2
Hispa/IMG_20190420_200422.jpg,Hispa,2
Hispa/IMG_20190420_200425.jpg,Hispa,2
Hispa/IMG_20190420_200427.jpg,Hispa,2
Hispa/IMG_20190420_200428.jpg,Hispa,2
Hispa/IMG_20190420_200429.jpg,Hispa,2
Hispa/IMG_20190420_200447.jpg,Hispa,2
Hispa/IMG_20190420_200454.jpg,Hispa,2
Hispa/IMG_20190424_125640.jpg,Hispa,2
Hispa/IMG_20190424_125651.jpg,Hispa,2
Hispa/IMG_20190424_125653.jpg,Hispa,2
Hispa/IMG_20190424_125654.jpg,Hispa,2
Hispa/IMG_20190424_125705.jpg,Hispa,2
Hispa/IMG_20190424_125708.jpg,Hispa,2
Hispa/IMG_20190424_125747.jpg,Hispa,2
Hispa/IMG_20190424_125824.jpg,Hispa,2
Hispa/IMG_20190424_130502.jpg,Hispa,2
Hispa/IMG_20190424_130517.jpg,Hispa,2
Hispa/IMG_20190424_130519.jpg,Hispa,2
Hispa/IMG_20190424_130957.jpg,Hispa,2
Hispa/IMG_20190424_131219.jpg,Hispa,2
Hispa/IMG_20190424_131229.jpg,Hispa,2
Hispa/IMG_20190424_131230.jpg,Hispa,2
Hispa/IMG_20190424_131234.jpg,Hispa,2
Hispa/IMG_20190424_131622.jpg,Hispa,2
Hispa/IMG_20190424_131806.jpg,Hispa,2
Hispa/IMG_20190424_132330.jpg,Hispa,2
Hispa/IMG_20190424_132331.jpg,Hispa,2
Hispa/IMG_20190424_132335.jpg,Hispa,2
Hispa/IMG_20190424_132348.jpg,Hispa,2
Hispa/IMG_20190424_132349.jpg,Hispa,2
Hispa/IMG_20190424_132354.jpg,Hispa,2
Hispa/IMG_20190424_133531.jpg,Hispa,2
Hispa/IMG_20190424_133538.jpg,Hispa,2
Hispa/IMG_20190424_133847.jpg,Hispa,2
Hispa/IMG_20190424_133917.jpg,Hispa,2
Hispa/IMG_20190424_133917_1.jpg,Hispa,2
Hispa/IMG_20190424_133931.jpg,Hispa,2
Hispa/IMG_20190424_133933.jpg,Hispa,2
Hispa/IMG_20190424_133937.jpg,Hispa,2
Hispa/IMG_20190424_133939.jpg,Hispa,2
Hispa/IMG_20190424_134011.jpg,Hispa,2
LeafBlast/IMG_20190419_095429.jpg,LeafBlast,3
LeafBlast/IMG_20190419_095439.jpg,LeafBlast,3
LeafBlast/IMG_20190419_100501.jpg,LeafBlast,3
LeafBlast/IMG_20190419_100509.jpg,LeafBlast,3
LeafBlast/IMG_20190419_100511.jpg,LeafBlast,3
LeafBlast/IMG_20190419_100539.jpg,LeafBlast,3
LeafBlast/IMG_20190419_100547.jpg,LeafBlast,3
LeafBlast/IMG_20190419_100636.jpg,LeafBlast,3
LeafBlast/IMG_20190419_100639.jpg,LeafBlast,3
LeafBlast/IMG_20190419_100649.jpg,LeafBlast,3
LeafBlast/IMG_20190419_100652.jpg,LeafBlast,3
LeafBlast/IMG_20190419_100730.jpg,LeafBlast,3
LeafBlast/IMG_20190419_100814.jpg,LeafBlast,3
LeafBlast/IMG_20190419_103744.jpg,LeafBlast,3
LeafBlast/IMG_20190419_103746.jpg,LeafBlast,3
LeafBlast/IMG_20190419_103923.jpg,LeafBlast,3
LeafBlast/IMG_20190419_103956.jpg,LeafBlast,3
LeafBlast/IMG_20190419_104006.jpg,LeafBlast,3
LeafBlast/IMG_20190419_104009.jpg,LeafBlast,3
LeafBlast/IMG_20190419_104049.jpg,LeafBlast,3
LeafBlast/IMG_20190419_105522.jpg,LeafBlast,3
LeafBlast/IMG_20190419_105527.jpg,LeafBlast,3
LeafBlast/IMG_20190419_105609.jpg,LeafBlast,3
LeafBlast/IMG_20190419_105659.jpg,LeafBlast,3
LeafBlast/IMG_20190419_105702.jpg,LeafBlast,3
LeafBlast/IMG_20190419_105819.jpg,LeafBlast,3
LeafBlast/IMG_20190419_105821.jpg,LeafBlast,3
LeafBlast/IMG_20190419_105827.jpg,LeafBlast,3
LeafBlast/IMG_20190419_110004.jpg,LeafBlast,3
LeafBlast/IMG_20190419_110101.jpg,LeafBlast,3
LeafBlast/IMG_20190419_110137.jpg,LeafBlast,3
LeafBlast/IMG_20190419_110200.jpg,LeafBlast,3
LeafBlast/IMG_20190419_110208.jpg,LeafBlast,3
LeafBlast/IMG_20190419_110216.jpg,LeafBlast,3
LeafBlast/IMG_20190419_110220.jpg,LeafBlast,3
LeafBlast/IMG_20190419_110245.jpg,LeafBlast,3
LeafBlast/IMG_20190419_110249.jpg,LeafBlast,3
LeafBlast/IMG_20190419_110255.jpg,LeafBlast,3
LeafBlast/IMG_20190419_110305.jpg,LeafBlast,3
LeafBlast/IMG_20190419_110343.jpg,LeafBlast,3
LeafBlast/IMG_20190419_110345.jpg,LeafBlast,3
LeafBlast/IMG_20190419_110347.jpg,LeafBlast,3
LeafBlast/IMG_20190419_110350.jpg,LeafBlast,3
LeafBlast/IMG_20190419_110450.jpg,LeafBlast,3
LeafBlast/IMG_20190419_110629.jpg,LeafBlast,3
LeafBlast/IMG_20190419_110637.jpg,LeafBlast,3
LeafBlast/IMG_20190419_111102.jpg,LeafBlast,3
LeafBlast/IMG_20190419_111117.jpg,LeafBlast,3
LeafBlast/IMG_20190419_111120.jpg,LeafBlast,3
LeafBlast/IMG_20190419_111123.jpg,LeafBlast,3
LeafBlast/IMG_20190419_111145.jpg,LeafBlast,3
LeafBlast/IMG_20190419_111206.jpg,LeafBlast,3
LeafBlast/IMG_20190419_111213.jpg,LeafBlast,3
LeafBlast/IMG_20190419_111221.jpg,LeafBlast,3
LeafBlast/IMG_20190419_111223.jpg,LeafBlast,3
LeafBlast/IMG_20190419_111229.jpg,LeafBlast,3
LeafBlast/IMG_20190419_111318.jpg,LeafBlast,3
LeafBlast/IMG_20190419_112101.jpg,LeafBlast,3
LeafBlast/IMG_20190419_112104.jpg,LeafBlast,3
LeafBlast/IMG_20190419_112112.jpg,LeafBlast,3
LeafBlast/IMG_20190419_112137.jpg,LeafBlast,3
LeafBlast/IMG_20190419_112141.jpg,LeafBlast,3
LeafBlast/IMG_20190419_112148.jpg,LeafBlast,3
LeafBlast/IMG_20190419_112207.jpg,LeafBlast,3
LeafBlast/IMG_20190419_112220.jpg,LeafBlast,3
LeafBlast/IMG_20190419_112241.jpg,LeafBlast,3
LeafBlast/IMG_20190419_112244.jpg,LeafBlast,3
LeafBlast/IMG_20190419_112253.jpg,LeafBlast,3
LeafBlast/IMG_20190419_112300.jpg,LeafBlast,3
LeafBlast/IMG_20190419_112302.jpg,LeafBlast,3
LeafBlast/IMG_20190419_112314.jpg,LeafBlast,3
LeafBlast/IMG_20190419_112350.jpg,LeafBlast,3
LeafBlast/IMG_20190419_112428.jpg,LeafBlast,3
LeafBlast/IMG_20190419_112433.jpg,LeafBlast,3
LeafBlast/IMG_20190419_112440.jpg,LeafBlast,3
LeafBlast/IMG_20190419_112444.jpg,LeafBlast,3
LeafBlast/IMG_20190419_112523.jpg,LeafBlast,3
LeafBlast/IMG_20190419_112538.jpg,LeafBlast,3
LeafBlast/IMG_20190419_112552.jpg,LeafBlast,3
LeafBlast/IMG_20190419_112614.jpg,LeafBlast,3
LeafBlast/IMG_20190419_112814.jpg,LeafBlast,3
LeafBlast/IMG_20190419_112818.jpg,LeafBlast,3
LeafBlast/IMG_20190419_112847.jpg,LeafBlast,3
LeafBlast/IMG_20190419_112852.jpg,LeafBlast,3
LeafBlast/IMG_20190419_112944.jpg,LeafBlast,3
LeafBlast/IMG_20190419_112947.jpg,LeafBlast,3
LeafBlast/IMG_20190419_113447.jpg,LeafBlast,3
LeafBlast/IMG_20190419_113501.jpg,LeafBlast,3
LeafBlast/IMG_20190419_113905.jpg,LeafBlast,3
LeafBlast/IMG_20190419_113948.jpg,LeafBlast,3
LeafBlast/IMG_20190419_114002.jpg,LeafBlast,3
LeafBlast/IMG_20190419_114006.jpg,LeafBlast,3
LeafBlast/IMG_20190419_114008.jpg,LeafBlast,3
LeafBlast/IMG_20190419_114018.jpg,LeafBlast,3
LeafBlast/IMG_20190419_114455.jpg,LeafBlast,3
LeafBlast/IMG_20190419_114644.jpg,LeafBlast,3
LeafBlast/IMG_20190419_114650.jpg,LeafBlast,3
LeafBlast/IMG_20190419_114656.jpg,LeafBlast,3
LeafBlast/IMG_20190419_114701.jpg,LeafBlast,3
LeafBlast/IMG_20190419_114704.jpg,LeafBlast,3
LeafBlast/IMG_20190419_114718.jpg,LeafBlast,3
LeafBlast/IMG_20190419_114734.jpg,LeafBlast,3
LeafBlast/IMG_20190419_114757.jpg,LeafBlast,3
LeafBlast/IMG_20190419_114825.jpg,LeafBlast,3
LeafBlast/IMG_20190419_114841.jpg,LeafBlast,3
LeafBlast/IMG_20190419_114843.jpg,LeafBlast,3
LeafBlast/IMG_20190419_115250.jpg,LeafBlast,3
LeafBlast/IMG_20190419_115345.jpg,LeafBlast,3
LeafBlast/IMG_20190419_115356.jpg,LeafBlast,3
LeafBlast/IMG_20190419_115401.jpg,LeafBlast,3
LeafBlast/IMG_20190419_115411.jpg,LeafBlast,3
LeafBlast/IMG_20190419_115421.jpg,LeafBlast,3
LeafBlast/IMG_20190419_115541.jpg,LeafBlast,3
LeafBlast/IMG_20190419_123523.jpg,LeafBlast,3
LeafBlast/IMG_20190419_123727.jpg,LeafBlast,3
LeafBlast/IMG_20190419_123733.jpg,LeafBlast,3
LeafBlast/IMG_20190419_123807.jpg,LeafBlast,3
LeafBlast/IMG_20190419_123809.jpg,LeafBlast,3
LeafBlast/IMG_20190419_124357.jpg,LeafBlast,3
LeafBlast/IMG_20190419_124542.jpg,LeafBlast,3
LeafBlast/IMG_20190419_124810.jpg,LeafBlast,3
LeafBlast/IMG_20190419_125240.jpg,LeafBlast,3
LeafBlast/IMG_20190419_125403.jpg,LeafBlast,3
LeafBlast/IMG_20190419_125436.jpg,LeafBlast,3
LeafBlast/IMG_20190419_125441.jpg,LeafBlast,3
LeafBlast/IMG_20190419_125504.jpg,LeafBlast,3
LeafBlast/IMG_20190419_130528.jpg,LeafBlast,3
LeafBlast/IMG_20190419_131935.jpg,LeafBlast,3
LeafBlast/IMG_20190419_132021.jpg,LeafBlast,3
LeafBlast/IMG_20190419_132023.jpg,LeafBlast,3
LeafBlast/IMG_20190419_132030.jpg,LeafBlast,3
LeafBlast/IMG_20190419_132058.jpg,LeafBlast,3
LeafBlast/IMG_20190419_132102.jpg,LeafBlast,3
LeafBlast/IMG_20190419_132126.jpg,LeafBlast,3
LeafBlast/IMG_20190419_132134.jpg,LeafBlast,3
LeafBlast/IMG_20190419_132301.jpg,LeafBlast,3
LeafBlast/IMG_20190419_132305.jpg,LeafBlast,3
LeafBlast/IMG_20190419_133600.jpg,LeafBlast,3
LeafBlast/IMG_20190419_133917.jpg,LeafBlast,3
LeafBlast/IMG_20190419_133924.jpg,LeafBlast,3
LeafBlast/IMG_20190419_133937.jpg,LeafBlast,3
LeafBlast/IMG_20190419_133940.jpg,LeafBlast,3
LeafBlast/IMG_20190419_133943.jpg,LeafBlast,3
LeafBlast/IMG_20190419_134540.jpg,LeafBlast,3
LeafBlast/IMG_20190419_134544.jpg,LeafBlast,3
LeafBlast/IMG_20190419_134842.jpg,LeafBlast,3
LeafBlast/IMG_20190419_134909.jpg,LeafBlast,3
LeafBlast/IMG_20190419_134920.jpg,LeafBlast,3
LeafBlast/IMG_20190419_134932.jpg,LeafBlast,3
LeafBlast/IMG_20190419_134941.jpg,LeafBlast,3
LeafBlast/IMG_20190419_134948.jpg,LeafBlast,3
LeafBlast/IMG_20190419_135017.jpg,LeafBlast,3
LeafBlast/IMG_20190419_135050.jpg,LeafBlast,3
LeafBlast/IMG_20190419_135054.jpg,LeafBlast,3
LeafBlast/IMG_20190419_135741.jpg,LeafBlast,3
LeafBlast/IMG_20190419_135748.jpg,LeafBlast,3
LeafBlast/IMG_20190419_135749.jpg,LeafBlast,3
LeafBlast/IMG_20190419_135813.jpg,LeafBlast,3
LeafBlast/IMG_20190419_135826.jpg,LeafBlast,3
LeafBlast/IMG_20190419_135836.jpg,LeafBlast,3
LeafBlast/IMG_20190419_135841.jpg,LeafBlast,3
LeafBlast/IMG_20190419_135845.jpg,LeafBlast,3
LeafBlast/IMG_20190419_135847.jpg,LeafBlast,3
LeafBlast/IMG_20190419_135915.jpg,LeafBlast,3
LeafBlast/IMG_20190419_135937.jpg,LeafBlast,3
LeafBlast/IMG_20190419_135940.jpg,LeafBlast,3
LeafBlast/IMG_20190419_135942.jpg,LeafBlast,3
LeafBlast/IMG_20190419_140015.jpg,LeafBlast,3
LeafBlast/IMG_20190419_140030.jpg,LeafBlast,3
LeafBlast/IMG_20190419_140229.jpg,LeafBlast,3
LeafBlast/IMG_20190419_140247.jpg,LeafBlast,3
LeafBlast/IMG_20190419_140344.jpg,LeafBlast,3
LeafBlast/IMG_20190419_140348.jpg,LeafBlast,3
LeafBlast/IMG_20190419_141037.jpg,LeafBlast,3
LeafBlast/IMG_20190419_141051.jpg,LeafBlast,3
LeafBlast/IMG_20190419_141135.jpg,LeafBlast,3
LeafBlast/IMG_20190419_141138.jpg,LeafBlast,3
LeafBlast/IMG_20190419_141224.jpg,LeafBlast,3
LeafBlast/IMG_20190419_141235.jpg,LeafBlast,3
LeafBlast/IMG_20190419_141248.jpg,LeafBlast,3
LeafBlast/IMG_20190419_141511.jpg,LeafBlast,3
LeafBlast/IMG_20190419_141513.jpg,LeafBlast,3
LeafBlast/IMG_20190419_141516.jpg,LeafBlast,3
LeafBlast/IMG_20190419_144834.jpg,LeafBlast,3
LeafBlast/IMG_20190419_145350.jpg,LeafBlast,3
LeafBlast/IMG_20190419_145412.jpg,LeafBlast,3
LeafBlast/IMG_20190419_145413.jpg,LeafBlast,3
LeafBlast/IMG_20190419_145515.jpg,LeafBlast,3
LeafBlast/IMG_20190419_145525.jpg,LeafBlast,3
LeafBlast/IMG_20190419_145530.jpg,LeafBlast,3
LeafBlast/IMG_20190419_145545.jpg,LeafBlast,3
LeafBlast/IMG_20190419_153022.jpg,LeafBlast,3
LeafBlast/IMG_20190419_161115.jpg,LeafBlast,3
LeafBlast/IMG_20190419_161126.jpg,LeafBlast,3
LeafBlast/IMG_20190419_161238.jpg,LeafBlast,3
LeafBlast/IMG_20190419_161240.jpg,LeafBlast,3
LeafBlast/IMG_20190419_161254.jpg,LeafBlast,3
LeafBlast/IMG_20190419_161320.jpg,LeafBlast,3
LeafBlast/IMG_20190419_161334.jpg,LeafBlast,3
LeafBlast/IMG_20190419_161354.jpg,LeafBlast,3
LeafBlast/IMG_20190419_161400.jpg,LeafBlast,3
LeafBlast/IMG_20190419_161446.jpg,LeafBlast,3
LeafBlast/IMG_20190419_161534.jpg,LeafBlast,3
LeafBlast/IMG_20190419_161536.jpg,LeafBlast,3
LeafBlast/IMG_20190419_161716.jpg,LeafBlast,3
LeafBlast/IMG_20190419_161951.jpg,LeafBlast,3
LeafBlast/IMG_20190419_161953.jpg,LeafBlast,3
LeafBlast/IMG_20190419_162839.jpg,LeafBlast,3
LeafBlast/IMG_20190419_163241.jpg,LeafBlast,3
LeafBlast/IMG_20190419_163358.jpg,LeafBlast,3
LeafBlast/IMG_20190419_163411.jpg,LeafBlast,3
LeafBlast/IMG_20190419_163934.jpg,LeafBlast,3
LeafBlast/IMG_20190419_163936.jpg,LeafBlast,3
LeafBlast/IMG_20190419_164225.jpg,LeafBlast,3
LeafBlast/IMG_20190419_165057.jpg,LeafBlast,3
LeafBlast/IMG_20190419_165117.jpg,LeafBlast,3
LeafBlast/IMG_20190419_165121.jpg,LeafBlast,3
LeafBlast/IMG_20190419_165124.jpg,LeafBlast,3
LeafBlast/IMG_20190419_165615.jpg,LeafBlast,3
LeafBlast/IMG_20190419_165645.jpg,LeafBlast,3
LeafBlast/IMG_20190419_165648.jpg,LeafBlast,3
LeafBlast/IMG_20190419_170320.jpg,LeafBlast,3
LeafBlast/IMG_20190419_170326.jpg,LeafBlast,3
LeafBlast/IMG_20190419_170445.jpg,LeafBlast,3
LeafBlast/IMG_20190419_170530.jpg,LeafBlast,3
LeafBlast/IMG_20190419_170532.jpg,LeafBlast,3
LeafBlast/IMG_20190419_170537.jpg,LeafBlast,3
LeafBlast/IMG_20190419_170542.jpg,LeafBlast,3
LeafBlast/IMG_20190419_170726.jpg,LeafBlast,3
LeafBlast/IMG_20190419_170734.jpg,LeafBlast,3
LeafBlast/IMG_20190419_170811.jpg,LeafBlast,3
LeafBlast/IMG_20190419_170817.jpg,LeafBlast,3
LeafBlast/IMG_20190419_170824.jpg,LeafBlast,3
LeafBlast/IMG_20190419_171008.jpg,LeafBlast,3
LeafBlast/IMG_20190419_171022.jpg,LeafBlast,3
LeafBlast/IMG_20190419_172007.jpg,LeafBlast,3
LeafBlast/IMG_20190419_172017.jpg,LeafBlast,3
LeafBlast/IMG_20190419_172021.jpg,LeafBlast,3
LeafBlast/IMG_20190419_172239.jpg,LeafBlast,3
LeafBlast/IMG_20190419_172245.jpg,LeafBlast,3
LeafBlast/IMG_20190419_172251.jpg,LeafBlast,3
LeafBlast/IMG_20190419_172619.jpg,LeafBlast,3
LeafBlast/IMG_20190419_172633.jpg,LeafBlast,3
LeafBlast/IMG_20190419_172635.jpg,LeafBlast,3
LeafBlast/IMG_20190419_172639.jpg,LeafBlast,3
LeafBlast/IMG_20190419_172642.jpg,LeafBlast,3
LeafBlast/IMG_20190419_172656.jpg,LeafBlast,3
LeafBlast/IMG_20190419_172826.jpg,LeafBlast,3
LeafBlast/IMG_20190419_172829.jpg,LeafBlast,3
LeafBlast/IMG_20190419_172837.jpg,LeafBlast,3
LeafBlast/IMG_20190419_172847.jpg,LeafBlast,3
LeafBlast/IMG_20190419_172853.jpg,LeafBlast,3
LeafBlast/IMG_20190419_172855.jpg,LeafBlast,3
LeafBlast/IMG_20190419_173157.jpg,LeafBlast,3
LeafBlast/IMG_20190419_173159.jpg,LeafBlast,3
LeafBlast/IMG_20190419_173208.jpg,LeafBlast,3
LeafBlast/IMG_20190419_173221.jpg,LeafBlast,3
LeafBlast/IMG_20190419_173938.jpg,LeafBlast,3
LeafBlast/IMG_20190419_173958.jpg,LeafBlast,3
LeafBlast/IMG_20190419_174010.jpg,LeafBlast,3
LeafBlast/IMG_20190419_174013.jpg,LeafBlast,3
LeafBlast/IMG_20190419_174017.jpg,LeafBlast,3
LeafBlast/IMG_20190419_174020.jpg,LeafBlast,3
LeafBlast/IMG_20190419_174410.jpg,LeafBlast,3
LeafBlast/IMG_20190419_174413.jpg,LeafBlast,3
LeafBlast/IMG_20190419_174416.jpg,LeafBlast,3
LeafBlast/IMG_20190419_174420.jpg,LeafBlast,3
LeafBlast/IMG_20190419_174422.jpg,LeafBlast,3
LeafBlast/IMG_20190419_174432.jpg,LeafBlast,3
LeafBlast/IMG_20190419_175205.jpg,LeafBlast,3
LeafBlast/IMG_20190419_175212.jpg,LeafBlast,3
LeafBlast/IMG_20190419_175223.jpg,LeafBlast,3
LeafBlast/IMG_20190419_175319.jpg,LeafBlast,3
LeafBlast/IMG_20190419_175321.jpg,LeafBlast,3
LeafBlast/IMG_20190419_175420.jpg,LeafBlast,3
LeafBlast/IMG_20190419_175426.jpg,LeafBlast,3
LeafBlast/IMG_20190419_175429.jpg,LeafBlast,3
LeafBlast/IMG_20190419_175430.jpg,LeafBlast,3
LeafBlast/IMG_20190420_185905.jpg,LeafBlast,3
LeafBlast/IMG_20190420_185946.jpg,LeafBlast,3
LeafBlast/IMG_20190420_190742.jpg,LeafBlast,3
LeafBlast/IMG_20190420_190749.jpg,LeafBlast,3
LeafBlast/IMG_20190420_190826.jpg,LeafBlast,3
LeafBlast/IMG_20190420_190832.jpg,LeafBlast,3
LeafBlast/IMG_20190420_191121.jpg,LeafBlast,3
LeafBlast/IMG_20190420_191400.jpg,LeafBlast,3
LeafBlast/IMG_20190420_191430.jpg,LeafBlast,3
LeafBlast/IMG_20190420_191454.jpg,LeafBlast,3
LeafBlast/IMG_20190420_191459.jpg,LeafBlast,3
LeafBlast/IMG_20190420_193116.jpg,LeafBlast,3
LeafBlast/IMG_20190420_193125.jpg,LeafBlast,3
LeafBlast/IMG_20190420_193141.jpg,LeafBlast,3
LeafBlast/IMG_20190420_193203.jpg,LeafBlast,3
LeafBlast/IMG_20190420_193215.jpg,LeafBlast,3
LeafBlast/IMG_20190420_193220.jpg,LeafBlast,3
LeafBlast/IMG_20190420_193657.jpg,LeafBlast,3
LeafBlast/IMG_20190420_193700.jpg,LeafBlast,3
LeafBlast/IMG_20190420_194939.jpg,LeafBlast,3
LeafBlast/IMG_20190420_194940.jpg,LeafBlast,3
LeafBlast/IMG_20190420_194942.jpg,LeafBlast,3
LeafBlast/IMG_20190420_194943.jpg,LeafBlast,3
LeafBlast/IMG_20190420_194944.jpg,LeafBlast,3
LeafBlast/IMG_20190420_194945.jpg,LeafBlast,3
LeafBlast/IMG_20190420_194957.jpg,LeafBlast,3
LeafBlast/IMG_20190420_195005.jpg,LeafBlast,3
LeafBlast/IMG_20190420_195006.jpg,LeafBlast,3
LeafBlast/IMG_20190420_195010.jpg,LeafBlast,3
LeafBlast/IMG_20190420_195011.jpg,LeafBlast,3
LeafBlast/IMG_20190420_195254.jpg,LeafBlast,3
LeafBlast/IMG_20190420_195307.jpg,LeafBlast,3
LeafBlast/IMG_20190421_195524.jpg,LeafBlast,3
LeafBlast/IMG_20190424_130007.jpg,LeafBlast,3
LeafBlast/IMG_20190424_130012.jpg,LeafBlast,3
LeafBlast/IMG_20190424_131627.jpg,LeafBlast,3
LeafBlast/IMG_3002.jpg,LeafBlast,3
LeafBlast/IMG_3004.jpg,LeafBlast,3
LeafBlast/IMG_3008.jpg,LeafBlast,3
LeafBlast/IMG_3009.jpg,LeafBlast,3
LeafBlast/IMG_3010.jpg,LeafBlast,3
LeafBlast/IMG_3015.jpg,LeafBlast,3
LeafBlast/IMG_3020.jpg,LeafBlast,3
LeafBlast/IMG_3022.jpg,LeafBlast,3
LeafBlast/IMG_3024.jpg,LeafBlast,3
LeafBlast/IMG_3052.jpg,LeafBlast,3
LeafBlast/IMG_3055.jpg,LeafBlast,3
LeafBlast/IMG_3056.jpg,LeafBlast,3
LeafBlast/IMG_3083.jpg,LeafBlast,3
LeafBlast/IMG_3092.jpg,LeafBlast,3
LeafBlast/IMG_3094.jpg,LeafBlast,3
LeafBlast/IMG_3101.jpg,LeafBlast,3
LeafBlast/IMG_3103.jpg,LeafBlast,3
LeafBlast/IMG_3104.jpg,LeafBlast,3
LeafBlast/IMG_3114.jpg,LeafBlast,3
LeafBlast/IMG_3153.jpg,LeafBlast,3
LeafBlast/IMG_3167.jpg,LeafBlast,3
LeafBlast/IMG_3171.jpg,LeafBlast,3
LeafBlast/IMG_3204.jpg,LeafBlast,3
LeafBlast/IMG_4764.jpg,LeafBlast,3
LeafBlast/IMG_4765.jpg,LeafBlast,3
LeafBlast/IMG_4766.jpg,LeafBlast,3
LeafBlast/IMG_4767.jpg,LeafBlast,3
LeafBlast/IMG_4768.jpg,LeafBlast,3
LeafBlast/IMG_4769.jpg,LeafBlast,3
LeafBlast/IMG_4834.jpg,LeafBlast,3
LeafBlast/IMG_4837.jpg,LeafBlast,3
LeafBlast/IMG_4838.jpg,LeafBlast,3
LeafBlast/IMG_4839.jpg,LeafBlast,3
LeafBlast/IMG_4840.jpg,LeafBlast,3
LeafBlast/IMG_4842.jpg,LeafBlast,3
LeafBlast/IMG_4843.jpg,LeafBlast,3
LeafBlast/IMG_4848.jpg,LeafBlast,3
LeafBlast/IMG_4851.jpg,LeafBlast,3
LeafBlast/IMG_4853.jpg,LeafBlast,3
LeafBlast/IMG_4854.jpg,LeafBlast,3
LeafBlast/IMG_4855.jpg,LeafBlast,3
LeafBlast/IMG_4857.jpg,LeafBlast,3
LeafBlast/IMG_4859.jpg,LeafBlast,3
LeafBlast/IMG_4860.jpg,LeafBlast,3
LeafBlast/IMG_4870.jpg,LeafBlast,3
LeafBlast/IMG_4872.jpg,LeafBlast,3
LeafBlast/IMG_4875.jpg,LeafBlast,3
LeafBlast/IMG_4876.jpg,LeafBlast,3
LeafBlast/IMG_4879.jpg,LeafBlast,3
LeafBlast/IMG_4885.jpg,LeafBlast,3
LeafBlast/IMG_4907.jpg,LeafBlast,3
LeafBlast/IMG_4909.jpg,LeafBlast,3
LeafBlast/IMG_4918.jpg,LeafBlast,3
LeafBlast/IMG_4921.jpg,LeafBlast,3
LeafBlast/IMG_4923.jpg,LeafBlast,3
LeafBlast/IMG_4924.jpg,LeafBlast,3
LeafBlast/IMG_4926.jpg,LeafBlast,3
LeafBlast/IMG_4934.jpg,LeafBlast,3
LeafBlast/IMG_4940.jpg,LeafBlast,3
LeafBlast/IMG_4941.jpg,LeafBlast,3
LeafBlast/IMG_4942.jpg,LeafBlast,3
LeafBlast/IMG_4947.jpg,LeafBlast,3
LeafBlast/IMG_4948.jpg,LeafBlast,3
LeafBlast/IMG_4953.jpg,LeafBlast,3
LeafBlast/IMG_5480.jpg,LeafBlast,3
LeafBlast/IMG_5483.jpg,LeafBlast,3
LeafBlast/IMG_5484.jpg,LeafBlast,3
LeafBlast/IMG_5489.jpg,LeafBlast,3
LeafBlast/IMG_5490.jpg,LeafBlast,3
LeafBlast/IMG_5494.jpg,LeafBlast,3
LeafBlast/IMG_5495.jpg,LeafBlast,3
LeafBlast/IMG_5496.jpg,LeafBlast,3
LeafBlast/IMG_5498.jpg,LeafBlast,3
LeafBlast/IMG_5501.jpg,LeafBlast,3
LeafBlast/IMG_5503.jpg,LeafBlast,3
LeafBlast/IMG_5504.jpg,LeafBlast,3
LeafBlast/IMG_5505.jpg,LeafBlast,3
LeafBlast/IMG_5507.jpg,LeafBlast,3
LeafBlast/IMG_5508.jpg,LeafBlast,3
LeafBlast/IMG_5516.jpg,LeafBlast,3
LeafBlast/IMG_5517.jpg,LeafBlast,3
LeafBlast/IMG_5518.jpg,LeafBlast,3
LeafBlast/IMG_5519.jpg,LeafBlast,3
LeafBlast/IMG_5521.jpg,LeafBlast,3
LeafBlast/IMG_5523.jpg,LeafBlast,3
LeafBlast/IMG_5525.jpg,LeafBlast,3
